essay_a_id,essay_b_id,pair_id,condition_a,condition_b,cross_condition
672fe1481ba8b290765e0a76,66aa80ac332a6f9fb18e4364,pair_0000,Practice wo AI,Practice w AI,True
6741fe9a07d7d42c5ed043ad,6716b72cb62f2e7204264d3c,pair_0001,Practice w AI,Practice w AI,False
67477ac7090d737ae33348ea,674eead0fa651dc021895fd9,pair_0002,Practice wo AI,Practice wo AI,False
66f6f78c68246dd27f4dcc05,66dd875b792eea0ebd7480c2,pair_0003,Practice wo AI,No practice,True
5f49457d8ac21f34cf443e62,60fd94f3d702e2e637dcc4b1,pair_0004,No practice,No practice,False
66eddcfe67e927db6f0a4768,66e6d8a2fa6cce78584c8bcd,pair_0005,Practice wo AI,Practice wo AI,False
6646abc0720d1baaa7e0af4c,673ce5fb976e7b0fec24c1e9,pair_0006,Practice w AI,Practice w AI,False
6727e10a76e80949064e1e6c,67414d7323258c912a5a9080,pair_0007,Practice w AI,Practice w AI,False
671fd6f39d8fe673222a5324,675662c8da055bc788c8a805,pair_0008,Practice wo AI,No practice,True
660b8a64848fe5d8cc2c5444,673726b38e7451a580f3c624,pair_0009,No practice,No practice,False
61043313db87223a3f2929ed,67224ad15231b5e9538948bd,pair_0010,No practice,Practice wo AI,True
672bb303dc26d7849dc27a77,67530d3f746600868ad35364,pair_0011,Practice wo AI,No practice,True
67388a4fd2107e49489b05e6,66edfa4100bafe2855a5654c,pair_0012,Practice w AI,Practice wo AI,True
67155947b83a6aee15acbc0d,6129ba3532102d5c539ff29b,pair_0013,Practice w AI,No practice,True
674dd4a8db09aec3c797b225,672c07a7e4ed661368e89246,pair_0014,No practice,Practice wo AI,True
5ec738ce3c7fd317a72dcfe6,67208d3885ff15254cff81a5,pair_0015,Practice w AI,Practice wo AI,True
6734010bda95d208801d15b0,5e3e54f69e51f80b67c1cc06,pair_0016,Practice wo AI,Practice w AI,True
65b274bf676b7b6d6a92a7bc,6732ab9b8627904cc6a8a524,pair_0017,Practice wo AI,No practice,True
673d071d17bf88e3930af5f0,673f22a6fe1eb8b74492446c,pair_0018,Practice wo AI,No practice,True
617162d1105c7a764aab90b4,6744fb5c6a8a3d8e3f531da3,pair_0019,Practice wo AI,Practice w AI,True
66eadc2f3e0ce992ca6d5db7,672c07a7e4ed661368e89246,pair_0020,Practice w AI,Practice wo AI,True
66eb8427a91699e7d2eefc29,670d8b142f87173ffe3b4763,pair_0021,No practice,No practice,False
671a80f4ca33770b00602f07,620bdc0ba922fc3f247f6939,pair_0022,Practice wo AI,Practice wo AI,False
673775d01ea6f13f83478a98,673253900b42a97fc5a371c1,pair_0023,Practice w AI,Practice wo AI,True
67143d6ceca675fc7f56d6ad,673840bbbf35e7a4a6ad3918,pair_0024,No practice,No practice,False
5e4e844553bc702cdf68404d,5f371531d5b7e818ee0cf328,pair_0025,Practice w AI,Practice wo AI,True
6733248e5bd5390d25c71787,6727e10a76e80949064e1e6c,pair_0026,No practice,Practice w AI,True
67110816ee3ab678f80eed04,673215ff162805cf7a252019,pair_0027,No practice,Practice wo AI,True
60da55124ca8924a40a8d91c,667d40aa7de88cce486a3beb,pair_0028,No practice,Practice wo AI,True
5aaddb14beaf0b0001707c69,6630f8c1f995b01de9767c7d,pair_0029,No practice,No practice,False
6755e7f8aa088eda32fcdc43,5bc1408d5a09ea00012e3cd8,pair_0030,Practice wo AI,Practice w AI,True
6757f72f155aa5774594c6b3,67280753237c0c4258f356a6,pair_0031,Practice w AI,Practice wo AI,True
66fce373051cafbe0961017b,66d11be993fd125064876a34,pair_0032,Practice w AI,Practice wo AI,True
66f4f7ad212140211220fee0,674e79192cd6a534d097fa86,pair_0033,No practice,No practice,False
67418b0073a668a4f01c195f,671fae1be03bf361e4a6342e,pair_0034,Practice w AI,No practice,True
60778db7ed3bae21972be1b4,670fc040eb429afca6ec21e0,pair_0035,Practice w AI,No practice,True
6077314ace74aa8fd3f90e9c,6567644b0a4a14cbeaac5a79,pair_0036,Practice w AI,Practice w AI,False
6748cb136c8b12cf06e6b8e1,674665004084064b14f073cf,pair_0037,Practice wo AI,Practice w AI,True
673e12bb731e90ac14d9464c,6737295e43d8fb5b7a84498b,pair_0038,Practice w AI,Practice w AI,False
66e3551244755a4debcd58d8,673ece27f62fd4e495b8731c,pair_0039,Practice w AI,Practice wo AI,True
67542c40610c0a42c85564d3,67274a937bc73438d89976b8,pair_0040,No practice,No practice,False
5cd6c1197b871a0001b13589,673cf6d476dc4af064402a8c,pair_0041,No practice,No practice,False
67357ce504c70a09cead4705,6734a7b09364436b5f4d0bef,pair_0042,No practice,Practice wo AI,True
673c32d8bcf768ce9f55ac33,5cd6c1197b871a0001b13589,pair_0043,Practice wo AI,No practice,True
6750c7eaec05ae2f773b5be9,6744639f3f41b208789e2b15,pair_0044,No practice,Practice w AI,True
673fb829ebd9b9b3c88d4f57,6749e23147701f88fb137f3c,pair_0045,Practice wo AI,Practice w AI,True
67476bf18ef77c29b9ed3ef4,63f809102d5b3a98cb923306,pair_0046,Practice w AI,Practice w AI,False
673a2837d5cb152d08ee5be8,5f89c991f0e3a80101afe091,pair_0047,No practice,Practice w AI,True
673b98ed5c9291ade287dc2d,672f7c36a98c409af1d49bea,pair_0048,No practice,Practice w AI,True
66f0d61cc482b4b76567015d,673db657aea3fbabfc2dc7e9,pair_0049,Practice w AI,Practice wo AI,True
673ab124dd6f6df06b143da0,66d6b541291304cb7e9fcc4e,pair_0050,Practice w AI,No practice,True
66639889ea005547089b6cbf,67178d9d0cab3c8f3a70ca8e,pair_0051,Practice w AI,Practice wo AI,True
672b535d32de33b44a2c2bf8,6229ee11f6b5405956544966,pair_0052,No practice,Practice w AI,True
5e46aa20caec81000b7d4f93,671b808f72d8aafff77cf0a4,pair_0053,Practice wo AI,No practice,True
6742189e9fd5fe9de0d9b729,672ede539bd39a8deecc501d,pair_0054,No practice,Practice wo AI,True
674a1e9ff099f95c96164b67,5f5d6b0def06255d5119a9ba,pair_0055,Practice wo AI,Practice w AI,True
66327d80e38c281ece2d3f1c,638a66471585cb7583285740,pair_0056,Practice w AI,Practice w AI,False
67351d5a16ab59e9f1b0946a,67461b1c9d6e98cb909d1052,pair_0057,Practice w AI,Practice wo AI,True
5fb701a86c3b2e1da0b3235a,6746a1bc28743cbc2c2feaa8,pair_0058,Practice w AI,Practice w AI,False
66df3be52e3a37738fecdf1a,674ecab9c4b5d7e72489cc90,pair_0059,Practice wo AI,No practice,True
672a3e67066f5a781bb96f51,673840bbbf35e7a4a6ad3918,pair_0060,Practice w AI,No practice,True
673bc1b802483aa3f5018d27,674f49392a04ca838a809c9d,pair_0061,No practice,Practice wo AI,True
67530f4304eeee59262e116c,5ec738ce3c7fd317a72dcfe6,pair_0062,Practice w AI,Practice w AI,False
6727dad78b37b3e6c93092ff,674eead0fa651dc021895fd9,pair_0063,Practice w AI,Practice wo AI,True
650c3f3a36d72f87324d708f,66240955715b3b45903381ed,pair_0064,Practice w AI,Practice w AI,False
67073b794c4f1d5d452d23d7,672990f6d28704d466361881,pair_0065,No practice,Practice w AI,True
66afb95e579fb899b5e90ab3,5eb4c6510ef386339dde2a35,pair_0066,Practice wo AI,No practice,True
674f5e7bf97ee4e183c9247e,674ca03cb3b66e7b92461fc4,pair_0067,Practice wo AI,Practice w AI,True
670e2a711df0a045aea8de04,67043b37df9ef06a056c08a7,pair_0068,Practice w AI,Practice w AI,False
5dd95e3c2274978e775f2aff,663a8b9eb077de60d6884574,pair_0069,Practice w AI,Practice wo AI,True
673b3cdce48f221ee513c467,67542c40610c0a42c85564d3,pair_0070,Practice wo AI,No practice,True
6738d0d8a49ff94090a8668a,67418b0073a668a4f01c195f,pair_0071,No practice,Practice w AI,True
674ecb107dac894c50a95473,650c3f3a36d72f87324d708f,pair_0072,Practice w AI,Practice w AI,False
5f6f738fef894f0dbf9839f8,673f1dafec0718eb572db268,pair_0073,Practice wo AI,Practice wo AI,False
672f1ca849e55a65b16736aa,6718c8fc698d34ce5d298fef,pair_0074,Practice w AI,No practice,True
665cd9869a0ffe598b8b84a7,674efe761abf45787d51a7c3,pair_0075,Practice w AI,Practice w AI,False
67472b406557adf9044c6e34,673726b38e7451a580f3c624,pair_0076,No practice,No practice,False
66aa737c246ab5cf919f921c,6019ef82db64741e01adb686,pair_0077,Practice w AI,Practice wo AI,True
610e2de21943396ffccfcf4e,6562c873c8002ad2e44b7b33,pair_0078,No practice,No practice,False
6629adbd155fc3428fedad56,6751f332ae95eef3bdc2f3d2,pair_0079,Practice w AI,Practice w AI,False
6710578884662430d4c6d4b9,6695541a6e0d986b02c25dd9,pair_0080,Practice w AI,No practice,True
6734ab3304b4b5bc58df43cd,6748f02892a5641e585c53b2,pair_0081,Practice w AI,No practice,True
67570e6b659a69f3542f227c,673ce807b23c287507a4230e,pair_0082,No practice,No practice,False
66f636a15a0ec8d9ef572bae,6748cb136c8b12cf06e6b8e1,pair_0083,No practice,Practice wo AI,True
674f6467df47b9f52bafc85e,5f2a13417b4ac51dc95d38c1,pair_0084,Practice w AI,No practice,True
6755cf3ef3d14c0c963b12c3,6748fee70bf23692cd9f0de1,pair_0085,Practice wo AI,No practice,True
66fbce9f6636b088d001a4e9,6718211bee61c726b40afb2b,pair_0086,No practice,Practice wo AI,True
671498899f67df85f33ea053,6744f2b0bc094f0202eee300,pair_0087,Practice wo AI,No practice,True
6724a516c163624782172432,6717ca3a61e52dc226157162,pair_0088,Practice w AI,No practice,True
6737d3a1eea5bb6f29a9fdcd,5dcc3ec7db13278d75c8622f,pair_0089,Practice w AI,Practice wo AI,True
5efc9bc405e069062e0f3a6f,673cd678c75d841b07b4d34a,pair_0090,Practice wo AI,No practice,True
674d8599e34ae51aa4235454,6717ca3a61e52dc226157162,pair_0091,Practice w AI,No practice,True
6740281e046425743a959ce2,65cd90916d6c5ca9f796e9a3,pair_0092,No practice,Practice wo AI,True
674d74930bb10f46df1ca2db,66f0d61cc482b4b76567015d,pair_0093,Practice w AI,Practice w AI,False
5d59b0b61da7d1001aa1a853,5f6f738fef894f0dbf9839f8,pair_0094,Practice wo AI,Practice wo AI,False
673f6c92a931906b3b255300,672e86a538b9e142805a426e,pair_0095,Practice w AI,Practice w AI,False
66311c9747a9466bf5dcf6ba,5d7085f70a426200186bc676,pair_0096,Practice wo AI,No practice,True
672ce0841dfa29f676e37b0f,672f6bb692f6294cbe6e75c0,pair_0097,Practice wo AI,Practice w AI,True
6752dfa83d6bd053f4a82672,5e9f138c34d3e40326507588,pair_0098,No practice,Practice wo AI,True
662bdd8c97c290536da33e88,6695541a6e0d986b02c25dd9,pair_0099,Practice wo AI,No practice,True
60fb024cbfd74cc251c6f9b0,65b274bf676b7b6d6a92a7bc,pair_0100,Practice w AI,Practice wo AI,True
673ed00f3ebd9a8bdb2af956,6742d8af3108e8a56dda101e,pair_0101,No practice,Practice wo AI,True
674219b922bf096aa19e0132,6742189e9fd5fe9de0d9b729,pair_0102,Practice wo AI,No practice,True
67324222a147b9f2c738d0ec,67280753237c0c4258f356a6,pair_0103,No practice,Practice wo AI,True
5d0b7d3a1c9a4e001a11dd19,6736252ad04633e3c76630da,pair_0104,Practice wo AI,Practice w AI,True
5f5de0c1a9ba1163a6f7f78b,65fcdef120c3e7513256ac68,pair_0105,No practice,Practice wo AI,True
6741b2d133472ff2947350bf,5ed68cac121a540dfb82f4ea,pair_0106,Practice wo AI,No practice,True
67408294dde74bdcf6ab3624,673ece27f62fd4e495b8731c,pair_0107,No practice,Practice wo AI,True
63bd8d4ca46f8313570e6fa4,5d203fad20b61f00012aced4,pair_0108,Practice wo AI,No practice,True
5a9ab4944eecca0001dd806a,5e4e844553bc702cdf68404d,pair_0109,No practice,Practice w AI,True
5d18cf6eb3e698001eea9960,6562c873c8002ad2e44b7b33,pair_0110,Practice wo AI,No practice,True
674dfaa7d928f0bfb0084339,5bf336d965825d00017cf3c2,pair_0111,No practice,No practice,False
6751f03363fdbd0a960f7f87,66311c9747a9466bf5dcf6ba,pair_0112,No practice,Practice wo AI,True
673dc43ca2f27f065ca2c6da,673d071d17bf88e3930af5f0,pair_0113,Practice wo AI,Practice wo AI,False
5e2b4e61a7f804000a55eee7,6725b59fd221a054d8cdc72a,pair_0114,No practice,No practice,False
6743ad4dc1bf31373949d647,5fb701a86c3b2e1da0b3235a,pair_0115,No practice,Practice w AI,True
650f0436808ab1edc4264660,5e3e54f69e51f80b67c1cc06,pair_0116,No practice,Practice w AI,True
5d803d51aa53f30015ce5b77,5dd95e3c2274978e775f2aff,pair_0117,Practice wo AI,Practice w AI,True
673dd729602638e2ca0c3cd7,673e4e69ce45d284f16fad2d,pair_0118,No practice,Practice w AI,True
66d8d824887fc4d4c7a873d4,673775d01ea6f13f83478a98,pair_0119,Practice w AI,Practice w AI,False
675345b32d636f68b81a386b,6744e6e3ab71f37420a2b512,pair_0120,Practice w AI,Practice wo AI,True
674065a38ff18a032bc97fa6,67110816ee3ab678f80eed04,pair_0121,No practice,No practice,False
673218a457531caf7e24f2a6,5efc9bc405e069062e0f3a6f,pair_0122,Practice w AI,Practice wo AI,True
6706d57c71b08b435db201ed,66dfab8a51e1e36892dc419a,pair_0123,Practice wo AI,Practice wo AI,False
673b8d1448db4a031a4a90b2,6732ab9b8627904cc6a8a524,pair_0124,Practice wo AI,No practice,True
6757fef215ee6088e0b7fa55,671ad3255a64b6879856e3b8,pair_0125,Practice w AI,No practice,True
671b87c9955ba2507a9a9947,61043313db87223a3f2929ed,pair_0126,No practice,No practice,False
66c6952ac1f2b09e6c930cf8,6727dad78b37b3e6c93092ff,pair_0127,No practice,Practice w AI,True
674a00c98d6b23fcec3273be,67357ce504c70a09cead4705,pair_0128,No practice,No practice,False
671f79a56247ae73ebb20e5c,6129ba3532102d5c539ff29b,pair_0129,Practice wo AI,No practice,True
5dd33f6b2091e93579973754,67469dde494c2b78202fc16e,pair_0130,Practice wo AI,No practice,True
5bfd81fb2feab400014d9060,672a3e67066f5a781bb96f51,pair_0131,Practice wo AI,Practice w AI,True
67474b18c19b12c4feeed5d2,674d74930bb10f46df1ca2db,pair_0132,Practice w AI,Practice w AI,False
5df4892578322533c70aecdf,620bdc0ba922fc3f247f6939,pair_0133,Practice wo AI,Practice wo AI,False
6750f2355fd9ba678f76fa5c,66775344eabb4cc1cbc0120e,pair_0134,Practice wo AI,Practice wo AI,False
674886cc98e540f712e258b3,5c54a532e3c69b0001af7b8c,pair_0135,Practice wo AI,Practice w AI,True
673ead8d8389b11c02a060e9,673b8d1448db4a031a4a90b2,pair_0136,Practice w AI,Practice wo AI,True
61474a17f798ccc4e40383da,67143d6ceca675fc7f56d6ad,pair_0137,No practice,No practice,False
6717b20f3f98b3e3069401e3,6716deaf9d399c9499b878cd,pair_0138,Practice w AI,No practice,True
671e304feab861f71c53159e,6751f332ae95eef3bdc2f3d2,pair_0139,Practice w AI,Practice w AI,False
5be728a4dbedc80001377337,5eb4c6510ef386339dde2a35,pair_0140,Practice wo AI,No practice,True
66e751acca3571686adc14d4,672c07a7e4ed661368e89246,pair_0141,No practice,Practice wo AI,True
5da497568034e40011366267,675345b32d636f68b81a386b,pair_0142,Practice w AI,Practice w AI,False
6701a4d42a2e8c434e0fc50a,6734a7b09364436b5f4d0bef,pair_0143,Practice wo AI,Practice wo AI,False
6716a4d35dcfb3a276097670,6744e6e3ab71f37420a2b512,pair_0144,Practice w AI,Practice wo AI,True
601c1f550370f34ec49ab0b6,673cf6d476dc4af064402a8c,pair_0145,Practice wo AI,No practice,True
673ca896c4ffe7eba1d26499,67073b794c4f1d5d452d23d7,pair_0146,Practice wo AI,No practice,True
6737aa6cfebe4f707b501d47,67570e6b659a69f3542f227c,pair_0147,Practice wo AI,No practice,True
673b4532dad611895a16ae00,5bb7af73dd840f0001d85935,pair_0148,Practice wo AI,Practice wo AI,False
673305eed310a7d38c4fb88c,6727dad78b37b3e6c93092ff,pair_0149,Practice wo AI,Practice w AI,True
672f0bc51dcdd7fd05d5a26b,6744e6e3ab71f37420a2b512,pair_0150,No practice,Practice wo AI,True
6737043554b7adfcf6ccf4c8,6733248e5bd5390d25c71787,pair_0151,Practice wo AI,No practice,True
66f55772a7312a23f27b3196,66aa737c246ab5cf919f921c,pair_0152,Practice w AI,Practice w AI,False
6643cde3471e61890ff943ae,6562c873c8002ad2e44b7b33,pair_0153,No practice,No practice,False
5c22f28d70d93a0001201738,6705ced6e56f5598aa07112d,pair_0154,Practice w AI,Practice w AI,False
62fdda3096b651e5beacf456,674b3b45f390921a88f24747,pair_0155,Practice wo AI,Practice w AI,True
67511986975a960bcf3abf18,6746a1bc28743cbc2c2feaa8,pair_0156,No practice,Practice w AI,True
60e7739644eb45bfddedf039,67274a937bc73438d89976b8,pair_0157,Practice w AI,No practice,True
66ac666f3e030205c277b763,5fb5ef0ab61b9e02d5752768,pair_0158,Practice wo AI,Practice w AI,True
670e3c70da3334b19d83bebc,673b3cdce48f221ee513c467,pair_0159,Practice wo AI,Practice wo AI,False
6748f8e31516667cc3eb71e8,65b274bf676b7b6d6a92a7bc,pair_0160,No practice,Practice wo AI,True
5d654282986878001c2a5db7,66e6d8a2fa6cce78584c8bcd,pair_0161,Practice wo AI,Practice wo AI,False
66957ab0e33f6b17bea3a067,6739909cd20e7e7fcf711ef7,pair_0162,Practice wo AI,No practice,True
6739075d10227690e7d142ed,5d0b7d3a1c9a4e001a11dd19,pair_0163,Practice wo AI,Practice wo AI,False
669d6944d79f7655e42582fc,5e9f138c34d3e40326507588,pair_0164,Practice w AI,Practice wo AI,True
673d1423ff3f7beef3984b8b,5c54a532e3c69b0001af7b8c,pair_0165,Practice w AI,Practice w AI,False
67354657253f396591767b63,58462977d2be990001174ae3,pair_0166,Practice wo AI,Practice wo AI,False
6726f38cd14d8ba8644f2bcf,67354657253f396591767b63,pair_0167,Practice w AI,Practice wo AI,True
6712764f69b9fc3c7a0f0ae7,673ce807b23c287507a4230e,pair_0168,Practice w AI,No practice,True
675440feacddb63cb9d5988b,5e4e844553bc702cdf68404d,pair_0169,No practice,Practice w AI,True
66c41e2528dfe10533b505a9,67224ad15231b5e9538948bd,pair_0170,Practice w AI,Practice wo AI,True
674b32fd39976ab4ec92d7d6,674a1e9ff099f95c96164b67,pair_0171,No practice,Practice wo AI,True
673e2ad54a989f15bc638d5b,671b87c9955ba2507a9a9947,pair_0172,Practice w AI,No practice,True
6717f49882dda1264ded32b9,673db657aea3fbabfc2dc7e9,pair_0173,Practice wo AI,Practice wo AI,False
5c1ffe5295f978000173df84,6726f38cd14d8ba8644f2bcf,pair_0174,No practice,Practice w AI,True
670c4a94154a76c8d4a4bd83,67155947b83a6aee15acbc0d,pair_0175,Practice w AI,Practice w AI,False
67506ddcd40746bb1f460a23,6716b72cb62f2e7204264d3c,pair_0176,No practice,Practice w AI,True
67434ac64ecdf3a681e629cb,6711c745bcc0626c2de36d07,pair_0177,Practice wo AI,Practice w AI,True
67458a62196f76e7fc7b28bf,5d7085f70a426200186bc676,pair_0178,Practice wo AI,No practice,True
672fb08eff9dcbaeeb666b7e,5f371531d5b7e818ee0cf328,pair_0179,No practice,Practice wo AI,True
67206083e8af4cf14439ac21,673215ff162805cf7a252019,pair_0180,No practice,Practice wo AI,True
6655a82a88d0e8cbcc9dff42,6717ca3a61e52dc226157162,pair_0181,Practice wo AI,No practice,True
6725246621f607dc27137c03,673218a457531caf7e24f2a6,pair_0182,Practice w AI,Practice w AI,False
673e249d764205ff4fdc5af1,6717f49882dda1264ded32b9,pair_0183,Practice wo AI,Practice wo AI,False
65b549c67c7791499c09f8a2,650f0436808ab1edc4264660,pair_0184,No practice,No practice,False
65f5cbcd2324b8dd6f3ff42d,5debed6b3820732ef2af3c55,pair_0185,No practice,No practice,False
67445f0269a82fe014b24be0,673ce807b23c287507a4230e,pair_0186,No practice,No practice,False
6720de8a0a6c9c0c3b803fb7,67178d9d0cab3c8f3a70ca8e,pair_0187,No practice,Practice wo AI,True
673af2a9c1f8458caba0ebb8,673305eed310a7d38c4fb88c,pair_0188,Practice wo AI,Practice wo AI,False
6736679e7f59a8570f845b14,67351d5a16ab59e9f1b0946a,pair_0189,Practice wo AI,Practice w AI,True
5e7e5df723c3560d66f2946d,6706d57c71b08b435db201ed,pair_0190,Practice w AI,Practice wo AI,True
662d017cd5d3a0ed42bfe339,6229ee11f6b5405956544966,pair_0191,Practice w AI,Practice w AI,False
6705ced6e56f5598aa07112d,67469dde494c2b78202fc16e,pair_0192,Practice w AI,No practice,True
66dfab8a51e1e36892dc419a,5debed6b3820732ef2af3c55,pair_0193,Practice wo AI,No practice,True
671498899f67df85f33ea053,673f22a6fe1eb8b74492446c,pair_0194,Practice wo AI,No practice,True
6724a516c163624782172432,6129ba3532102d5c539ff29b,pair_0195,Practice w AI,No practice,True
66f4f7ad212140211220fee0,6744f2b0bc094f0202eee300,pair_0196,No practice,No practice,False
669d6944d79f7655e42582fc,6746a1bc28743cbc2c2feaa8,pair_0197,Practice w AI,Practice w AI,False
60e7739644eb45bfddedf039,67472b406557adf9044c6e34,pair_0198,Practice w AI,No practice,True
674efe761abf45787d51a7c3,672f1ca849e55a65b16736aa,pair_0199,Practice w AI,Practice w AI,False
6737043554b7adfcf6ccf4c8,6732ab9b8627904cc6a8a524,pair_0200,Practice wo AI,No practice,True
672ede539bd39a8deecc501d,6655a82a88d0e8cbcc9dff42,pair_0201,Practice wo AI,Practice wo AI,False
6739909cd20e7e7fcf711ef7,60e7739644eb45bfddedf039,pair_0202,No practice,Practice w AI,True
6734010bda95d208801d15b0,6752dfa83d6bd053f4a82672,pair_0203,Practice wo AI,No practice,True
67388a4fd2107e49489b05e6,670e3c70da3334b19d83bebc,pair_0204,Practice w AI,Practice wo AI,True
672f7c36a98c409af1d49bea,65b274bf676b7b6d6a92a7bc,pair_0205,Practice w AI,Practice wo AI,True
617162d1105c7a764aab90b4,673e12bb731e90ac14d9464c,pair_0206,Practice wo AI,Practice w AI,True
6720de8a0a6c9c0c3b803fb7,660b8a64848fe5d8cc2c5444,pair_0207,No practice,No practice,False
66fbce9f6636b088d001a4e9,67143d6ceca675fc7f56d6ad,pair_0208,No practice,No practice,False
67434ac64ecdf3a681e629cb,673d071d17bf88e3930af5f0,pair_0209,Practice wo AI,Practice wo AI,False
5df4892578322533c70aecdf,5e9f138c34d3e40326507588,pair_0210,Practice wo AI,Practice wo AI,False
673ead8d8389b11c02a060e9,5d18cf6eb3e698001eea9960,pair_0211,Practice w AI,Practice wo AI,True
672b535d32de33b44a2c2bf8,673e249d764205ff4fdc5af1,pair_0212,No practice,Practice wo AI,True
6736252ad04633e3c76630da,6744639f3f41b208789e2b15,pair_0213,Practice w AI,Practice w AI,False
672fb08eff9dcbaeeb666b7e,672c07a7e4ed661368e89246,pair_0214,No practice,Practice wo AI,True
6757fef215ee6088e0b7fa55,66e6d8a2fa6cce78584c8bcd,pair_0215,Practice w AI,Practice wo AI,True
670d8b142f87173ffe3b4763,671fae1be03bf361e4a6342e,pair_0216,No practice,No practice,False
674ecb107dac894c50a95473,65b549c67c7791499c09f8a2,pair_0217,Practice w AI,No practice,True
673bc1b802483aa3f5018d27,674dfaa7d928f0bfb0084339,pair_0218,No practice,No practice,False
66eb8427a91699e7d2eefc29,672fe1481ba8b290765e0a76,pair_0219,No practice,Practice wo AI,True
5dcc3ec7db13278d75c8622f,67357ce504c70a09cead4705,pair_0220,Practice wo AI,No practice,True
662d017cd5d3a0ed42bfe339,67388a4fd2107e49489b05e6,pair_0221,Practice w AI,Practice w AI,False
6716a4d35dcfb3a276097670,671b87c9955ba2507a9a9947,pair_0222,Practice w AI,No practice,True
674f6467df47b9f52bafc85e,5a9ab4944eecca0001dd806a,pair_0223,Practice w AI,No practice,True
65fcdef120c3e7513256ac68,6737aa6cfebe4f707b501d47,pair_0224,Practice wo AI,Practice wo AI,False
6077314ace74aa8fd3f90e9c,67530d3f746600868ad35364,pair_0225,Practice w AI,No practice,True
674b32fd39976ab4ec92d7d6,6737295e43d8fb5b7a84498b,pair_0226,No practice,Practice w AI,True
66f55772a7312a23f27b3196,67445f0269a82fe014b24be0,pair_0227,Practice w AI,No practice,True
673e2ad54a989f15bc638d5b,672f1ca849e55a65b16736aa,pair_0228,Practice w AI,Practice w AI,False
5d803d51aa53f30015ce5b77,62fdda3096b651e5beacf456,pair_0229,Practice wo AI,Practice wo AI,False
674219b922bf096aa19e0132,6742d8af3108e8a56dda101e,pair_0230,Practice wo AI,Practice wo AI,False
5d203fad20b61f00012aced4,673ce807b23c287507a4230e,pair_0231,No practice,No practice,False
5e2b4e61a7f804000a55eee7,6710578884662430d4c6d4b9,pair_0232,No practice,Practice w AI,True
6755e7f8aa088eda32fcdc43,5ed68cac121a540dfb82f4ea,pair_0233,Practice wo AI,No practice,True
673ed00f3ebd9a8bdb2af956,6755cf3ef3d14c0c963b12c3,pair_0234,No practice,Practice wo AI,True
6736679e7f59a8570f845b14,60778db7ed3bae21972be1b4,pair_0235,Practice wo AI,Practice w AI,True
674f49392a04ca838a809c9d,610e2de21943396ffccfcf4e,pair_0236,Practice wo AI,No practice,True
6748f8e31516667cc3eb71e8,5f371531d5b7e818ee0cf328,pair_0237,No practice,Practice wo AI,True
672990f6d28704d466361881,66fce373051cafbe0961017b,pair_0238,Practice w AI,Practice w AI,False
66775344eabb4cc1cbc0120e,673dc43ca2f27f065ca2c6da,pair_0239,Practice wo AI,Practice wo AI,False
6718c8fc698d34ce5d298fef,675345b32d636f68b81a386b,pair_0240,No practice,Practice w AI,True
673f6c92a931906b3b255300,5efc9bc405e069062e0f3a6f,pair_0241,Practice w AI,Practice wo AI,True
63f809102d5b3a98cb923306,673cd678c75d841b07b4d34a,pair_0242,Practice w AI,No practice,True
67461b1c9d6e98cb909d1052,675662c8da055bc788c8a805,pair_0243,Practice wo AI,No practice,True
6743ad4dc1bf31373949d647,671fd6f39d8fe673222a5324,pair_0244,No practice,Practice wo AI,True
673fb829ebd9b9b3c88d4f57,672e86a538b9e142805a426e,pair_0245,Practice wo AI,Practice w AI,True
66957ab0e33f6b17bea3a067,6751f03363fdbd0a960f7f87,pair_0246,Practice wo AI,No practice,True
60fd94f3d702e2e637dcc4b1,5f5d6b0def06255d5119a9ba,pair_0247,No practice,Practice w AI,True
674d8599e34ae51aa4235454,663a8b9eb077de60d6884574,pair_0248,Practice w AI,Practice wo AI,True
5da497568034e40011366267,672ce0841dfa29f676e37b0f,pair_0249,Practice w AI,Practice wo AI,True
672bb303dc26d7849dc27a77,65f5cbcd2324b8dd6f3ff42d,pair_0250,Practice wo AI,No practice,True
67477ac7090d737ae33348ea,5da497568034e40011366267,pair_0251,Practice wo AI,Practice w AI,True
66df3be52e3a37738fecdf1a,673db657aea3fbabfc2dc7e9,pair_0252,Practice wo AI,Practice wo AI,False
6717b20f3f98b3e3069401e3,673cd678c75d841b07b4d34a,pair_0253,Practice w AI,No practice,True
66e751acca3571686adc14d4,5aaddb14beaf0b0001707c69,pair_0254,No practice,No practice,False
672f0bc51dcdd7fd05d5a26b,674efe761abf45787d51a7c3,pair_0255,No practice,Practice w AI,True
6739075d10227690e7d142ed,672fb08eff9dcbaeeb666b7e,pair_0256,Practice wo AI,No practice,True
674e79192cd6a534d097fa86,6717ca3a61e52dc226157162,pair_0257,No practice,No practice,False
61474a17f798ccc4e40383da,673b4532dad611895a16ae00,pair_0258,No practice,Practice wo AI,True
673c32d8bcf768ce9f55ac33,674ca03cb3b66e7b92461fc4,pair_0259,Practice wo AI,Practice w AI,True
67408294dde74bdcf6ab3624,60e7739644eb45bfddedf039,pair_0260,No practice,Practice w AI,True
673ab124dd6f6df06b143da0,5d803d51aa53f30015ce5b77,pair_0261,Practice w AI,Practice wo AI,True
673af2a9c1f8458caba0ebb8,673b4532dad611895a16ae00,pair_0262,Practice wo AI,Practice wo AI,False
673dd729602638e2ca0c3cd7,6748cb136c8b12cf06e6b8e1,pair_0263,No practice,Practice wo AI,True
670e2a711df0a045aea8de04,674f49392a04ca838a809c9d,pair_0264,Practice w AI,Practice wo AI,True
674665004084064b14f073cf,67324222a147b9f2c738d0ec,pair_0265,Practice w AI,No practice,True
674a00c98d6b23fcec3273be,6751f03363fdbd0a960f7f87,pair_0266,No practice,No practice,False
670c4a94154a76c8d4a4bd83,6748fee70bf23692cd9f0de1,pair_0267,Practice w AI,No practice,True
66c41e2528dfe10533b505a9,5d18cf6eb3e698001eea9960,pair_0268,Practice w AI,Practice wo AI,True
671ad3255a64b6879856e3b8,5a9ab4944eecca0001dd806a,pair_0269,No practice,No practice,False
5d59b0b61da7d1001aa1a853,674efe761abf45787d51a7c3,pair_0270,Practice wo AI,Practice w AI,True
66f6f78c68246dd27f4dcc05,6567644b0a4a14cbeaac5a79,pair_0271,Practice wo AI,Practice w AI,True
673d1423ff3f7beef3984b8b,67469dde494c2b78202fc16e,pair_0272,Practice w AI,No practice,True
6757f72f155aa5774594c6b3,5be728a4dbedc80001377337,pair_0273,Practice w AI,Practice wo AI,True
6725b59fd221a054d8cdc72a,662d017cd5d3a0ed42bfe339,pair_0274,No practice,Practice w AI,True
673ca896c4ffe7eba1d26499,620bdc0ba922fc3f247f6939,pair_0275,Practice wo AI,Practice wo AI,False
672f6bb692f6294cbe6e75c0,66fbce9f6636b088d001a4e9,pair_0276,Practice w AI,No practice,True
66edfa4100bafe2855a5654c,674f49392a04ca838a809c9d,pair_0277,Practice wo AI,Practice wo AI,False
6701a4d42a2e8c434e0fc50a,6646abc0720d1baaa7e0af4c,pair_0278,Practice wo AI,Practice w AI,True
6744fb5c6a8a3d8e3f531da3,6629adbd155fc3428fedad56,pair_0279,Practice w AI,Practice w AI,False
6019ef82db64741e01adb686,671fd6f39d8fe673222a5324,pair_0280,Practice wo AI,Practice wo AI,False
66f636a15a0ec8d9ef572bae,660b8a64848fe5d8cc2c5444,pair_0281,No practice,No practice,False
5bb7af73dd840f0001d85935,671f79a56247ae73ebb20e5c,pair_0282,Practice wo AI,Practice wo AI,False
67206083e8af4cf14439ac21,675662c8da055bc788c8a805,pair_0283,No practice,No practice,False
5f5de0c1a9ba1163a6f7f78b,673d071d17bf88e3930af5f0,pair_0284,No practice,Practice wo AI,True
6630f8c1f995b01de9767c7d,673e2ad54a989f15bc638d5b,pair_0285,No practice,Practice w AI,True
60fb024cbfd74cc251c6f9b0,673ead8d8389b11c02a060e9,pair_0286,Practice w AI,Practice w AI,False
5f89c991f0e3a80101afe091,675345b32d636f68b81a386b,pair_0287,Practice w AI,Practice w AI,False
5c22f28d70d93a0001201738,6655a82a88d0e8cbcc9dff42,pair_0288,Practice w AI,Practice wo AI,True
670fc040eb429afca6ec21e0,670e3c70da3334b19d83bebc,pair_0289,No practice,Practice wo AI,True
66c6952ac1f2b09e6c930cf8,67542c40610c0a42c85564d3,pair_0290,No practice,No practice,False
6718211bee61c726b40afb2b,66df3be52e3a37738fecdf1a,pair_0291,Practice wo AI,Practice wo AI,False
67476bf18ef77c29b9ed3ef4,5aaddb14beaf0b0001707c69,pair_0292,Practice w AI,No practice,True
66afb95e579fb899b5e90ab3,673cf6d476dc4af064402a8c,pair_0293,Practice wo AI,No practice,True
66d11be993fd125064876a34,673bc1b802483aa3f5018d27,pair_0294,Practice wo AI,No practice,True
6750f2355fd9ba678f76fa5c,67474b18c19b12c4feeed5d2,pair_0295,Practice wo AI,Practice w AI,True
675440feacddb63cb9d5988b,6750c7eaec05ae2f773b5be9,pair_0296,No practice,No practice,False
662bdd8c97c290536da33e88,5f2a13417b4ac51dc95d38c1,pair_0297,Practice wo AI,No practice,True
67208d3885ff15254cff81a5,5e4e844553bc702cdf68404d,pair_0298,Practice wo AI,Practice w AI,True
67506ddcd40746bb1f460a23,66957ab0e33f6b17bea3a067,pair_0299,No practice,Practice wo AI,True
6748f02892a5641e585c53b2,670e3c70da3334b19d83bebc,pair_0300,No practice,Practice wo AI,True
674ecab9c4b5d7e72489cc90,6129ba3532102d5c539ff29b,pair_0301,No practice,No practice,False
5bfd81fb2feab400014d9060,6712764f69b9fc3c7a0f0ae7,pair_0302,Practice wo AI,Practice w AI,True
5bc1408d5a09ea00012e3cd8,672b535d32de33b44a2c2bf8,pair_0303,Practice w AI,No practice,True
6711c745bcc0626c2de36d07,673b4532dad611895a16ae00,pair_0304,Practice w AI,Practice wo AI,True
673a2837d5cb152d08ee5be8,6748cb136c8b12cf06e6b8e1,pair_0305,No practice,Practice wo AI,True
6725246621f607dc27137c03,5debed6b3820732ef2af3c55,pair_0306,Practice w AI,No practice,True
67458a62196f76e7fc7b28bf,66240955715b3b45903381ed,pair_0307,Practice wo AI,Practice w AI,True
5d654282986878001c2a5db7,6711c745bcc0626c2de36d07,pair_0308,Practice wo AI,Practice w AI,True
667d40aa7de88cce486a3beb,5e9f138c34d3e40326507588,pair_0309,Practice wo AI,Practice wo AI,False
665cd9869a0ffe598b8b84a7,674f5e7bf97ee4e183c9247e,pair_0310,Practice w AI,Practice wo AI,True
66639889ea005547089b6cbf,5f2a13417b4ac51dc95d38c1,pair_0311,Practice w AI,No practice,True
674886cc98e540f712e258b3,650f0436808ab1edc4264660,pair_0312,Practice wo AI,No practice,True
6738d0d8a49ff94090a8668a,6746a1bc28743cbc2c2feaa8,pair_0313,No practice,Practice w AI,True
5c1ffe5295f978000173df84,670e2a711df0a045aea8de04,pair_0314,No practice,Practice w AI,True
66d8d824887fc4d4c7a873d4,6077314ace74aa8fd3f90e9c,pair_0315,Practice w AI,Practice w AI,False
673253900b42a97fc5a371c1,63f809102d5b3a98cb923306,pair_0316,Practice wo AI,Practice w AI,True
674b3b45f390921a88f24747,5e7e5df723c3560d66f2946d,pair_0317,Practice w AI,Practice w AI,False
58462977d2be990001174ae3,5d203fad20b61f00012aced4,pair_0318,Practice wo AI,No practice,True
673f1dafec0718eb572db268,66eb8427a91699e7d2eefc29,pair_0319,Practice wo AI,No practice,True
6716deaf9d399c9499b878cd,6737d3a1eea5bb6f29a9fdcd,pair_0320,No practice,Practice w AI,True
671a80f4ca33770b00602f07,66f4f7ad212140211220fee0,pair_0321,Practice wo AI,No practice,True
6643cde3471e61890ff943ae,670c4a94154a76c8d4a4bd83,pair_0322,No practice,Practice w AI,True
6741fe9a07d7d42c5ed043ad,6752dfa83d6bd053f4a82672,pair_0323,Practice w AI,No practice,True
673e4e69ce45d284f16fad2d,65f5cbcd2324b8dd6f3ff42d,pair_0324,Practice w AI,No practice,True
638a66471585cb7583285740,673b8d1448db4a031a4a90b2,pair_0325,Practice w AI,Practice wo AI,True
671e304feab861f71c53159e,67476bf18ef77c29b9ed3ef4,pair_0326,Practice w AI,Practice w AI,False
5fb5ef0ab61b9e02d5752768,67506ddcd40746bb1f460a23,pair_0327,Practice w AI,No practice,True
5bf336d965825d00017cf3c2,671fd6f39d8fe673222a5324,pair_0328,No practice,Practice wo AI,True
674dd4a8db09aec3c797b225,5bf336d965825d00017cf3c2,pair_0329,No practice,No practice,False
67414d7323258c912a5a9080,6019ef82db64741e01adb686,pair_0330,Practice w AI,Practice wo AI,True
601c1f550370f34ec49ab0b6,6734010bda95d208801d15b0,pair_0331,Practice wo AI,Practice wo AI,False
67043b37df9ef06a056c08a7,6567644b0a4a14cbeaac5a79,pair_0332,Practice w AI,Practice w AI,False
67530f4304eeee59262e116c,5d59b0b61da7d1001aa1a853,pair_0333,Practice w AI,Practice wo AI,True
65cd90916d6c5ca9f796e9a3,674a00c98d6b23fcec3273be,pair_0334,Practice wo AI,No practice,True
671b808f72d8aafff77cf0a4,673db657aea3fbabfc2dc7e9,pair_0335,No practice,Practice wo AI,True
67511986975a960bcf3abf18,673dc43ca2f27f065ca2c6da,pair_0336,No practice,Practice wo AI,True
66dd875b792eea0ebd7480c2,66dfab8a51e1e36892dc419a,pair_0337,No practice,Practice wo AI,True
6749e23147701f88fb137f3c,67458a62196f76e7fc7b28bf,pair_0338,Practice w AI,Practice wo AI,True
673b98ed5c9291ade287dc2d,673dc43ca2f27f065ca2c6da,pair_0339,No practice,Practice wo AI,True
5dd33f6b2091e93579973754,673e249d764205ff4fdc5af1,pair_0340,Practice wo AI,Practice wo AI,False
66e3551244755a4debcd58d8,63bd8d4ca46f8313570e6fa4,pair_0341,Practice w AI,Practice wo AI,True
5e46aa20caec81000b7d4f93,5f6f738fef894f0dbf9839f8,pair_0342,Practice wo AI,Practice wo AI,False
66d6b541291304cb7e9fcc4e,60e7739644eb45bfddedf039,pair_0343,No practice,Practice w AI,True
674065a38ff18a032bc97fa6,674f5e7bf97ee4e183c9247e,pair_0344,No practice,Practice wo AI,True
60da55124ca8924a40a8d91c,5d654282986878001c2a5db7,pair_0345,No practice,Practice wo AI,True
66eddcfe67e927db6f0a4768,6737043554b7adfcf6ccf4c8,pair_0346,Practice wo AI,Practice wo AI,False
5f49457d8ac21f34cf443e62,673d071d17bf88e3930af5f0,pair_0347,No practice,Practice wo AI,True
6741b2d133472ff2947350bf,60fd94f3d702e2e637dcc4b1,pair_0348,Practice wo AI,No practice,True
66327d80e38c281ece2d3f1c,67208d3885ff15254cff81a5,pair_0349,Practice w AI,Practice wo AI,True
6734ab3304b4b5bc58df43cd,672f0bc51dcdd7fd05d5a26b,pair_0350,Practice w AI,No practice,True
6740281e046425743a959ce2,674f5e7bf97ee4e183c9247e,pair_0351,No practice,Practice wo AI,True
66eadc2f3e0ce992ca6d5db7,66dd875b792eea0ebd7480c2,pair_0352,Practice w AI,No practice,True
673ce5fb976e7b0fec24c1e9,6746a1bc28743cbc2c2feaa8,pair_0353,Practice w AI,Practice w AI,False
66aa80ac332a6f9fb18e4364,673b98ed5c9291ade287dc2d,pair_0354,Practice w AI,No practice,True
66ac666f3e030205c277b763,673f1dafec0718eb572db268,pair_0355,Practice wo AI,Practice wo AI,False
66eadc2f3e0ce992ca6d5db7,673f6c92a931906b3b255300,pair_0356,Practice w AI,Practice w AI,False
674ecb107dac894c50a95473,672f6bb692f6294cbe6e75c0,pair_0357,Practice w AI,Practice w AI,False
6705ced6e56f5598aa07112d,673b3cdce48f221ee513c467,pair_0358,Practice w AI,Practice wo AI,True
675440feacddb63cb9d5988b,673840bbbf35e7a4a6ad3918,pair_0359,No practice,No practice,False
67472b406557adf9044c6e34,673f1dafec0718eb572db268,pair_0360,No practice,Practice wo AI,True
6757fef215ee6088e0b7fa55,67445f0269a82fe014b24be0,pair_0361,Practice w AI,No practice,True
674f6467df47b9f52bafc85e,667d40aa7de88cce486a3beb,pair_0362,Practice w AI,Practice wo AI,True
671e304feab861f71c53159e,66df3be52e3a37738fecdf1a,pair_0363,Practice w AI,Practice wo AI,True
67461b1c9d6e98cb909d1052,5c22f28d70d93a0001201738,pair_0364,Practice wo AI,Practice w AI,True
6716a4d35dcfb3a276097670,66775344eabb4cc1cbc0120e,pair_0365,Practice w AI,Practice wo AI,True
67324222a147b9f2c738d0ec,670fc040eb429afca6ec21e0,pair_0366,No practice,No practice,False
6738d0d8a49ff94090a8668a,67043b37df9ef06a056c08a7,pair_0367,No practice,Practice w AI,True
5c54a532e3c69b0001af7b8c,5da497568034e40011366267,pair_0368,Practice w AI,Practice w AI,False
67570e6b659a69f3542f227c,674ca03cb3b66e7b92461fc4,pair_0369,No practice,Practice w AI,True
5dd33f6b2091e93579973754,66afb95e579fb899b5e90ab3,pair_0370,Practice wo AI,Practice wo AI,False
662bdd8c97c290536da33e88,6740281e046425743a959ce2,pair_0371,Practice wo AI,No practice,True
5f5de0c1a9ba1163a6f7f78b,6720de8a0a6c9c0c3b803fb7,pair_0372,No practice,No practice,False
66d11be993fd125064876a34,673b98ed5c9291ade287dc2d,pair_0373,Practice wo AI,No practice,True
67274a937bc73438d89976b8,671498899f67df85f33ea053,pair_0374,No practice,Practice wo AI,True
61474a17f798ccc4e40383da,6737aa6cfebe4f707b501d47,pair_0375,No practice,Practice wo AI,True
6718211bee61c726b40afb2b,6737043554b7adfcf6ccf4c8,pair_0376,Practice wo AI,Practice wo AI,False
673e12bb731e90ac14d9464c,6643cde3471e61890ff943ae,pair_0377,Practice w AI,No practice,True
671a80f4ca33770b00602f07,5f2a13417b4ac51dc95d38c1,pair_0378,Practice wo AI,No practice,True
673f22a6fe1eb8b74492446c,5c22f28d70d93a0001201738,pair_0379,No practice,Practice w AI,True
67155947b83a6aee15acbc0d,673ece27f62fd4e495b8731c,pair_0380,Practice w AI,Practice wo AI,True
5c1ffe5295f978000173df84,58462977d2be990001174ae3,pair_0381,No practice,Practice wo AI,True
66639889ea005547089b6cbf,67469dde494c2b78202fc16e,pair_0382,Practice w AI,No practice,True
673d1423ff3f7beef3984b8b,66afb95e579fb899b5e90ab3,pair_0383,Practice w AI,Practice wo AI,True
671b808f72d8aafff77cf0a4,674e79192cd6a534d097fa86,pair_0384,No practice,No practice,False
674eead0fa651dc021895fd9,60fd94f3d702e2e637dcc4b1,pair_0385,Practice wo AI,No practice,True
673dd729602638e2ca0c3cd7,670d8b142f87173ffe3b4763,pair_0386,No practice,No practice,False
5e2b4e61a7f804000a55eee7,672bb303dc26d7849dc27a77,pair_0387,No practice,Practice wo AI,True
5e46aa20caec81000b7d4f93,5dd33f6b2091e93579973754,pair_0388,Practice wo AI,Practice wo AI,False
5e7e5df723c3560d66f2946d,6748cb136c8b12cf06e6b8e1,pair_0389,Practice w AI,Practice wo AI,True
673775d01ea6f13f83478a98,66639889ea005547089b6cbf,pair_0390,Practice w AI,Practice w AI,False
5dd95e3c2274978e775f2aff,6567644b0a4a14cbeaac5a79,pair_0391,Practice w AI,Practice w AI,False
66aa80ac332a6f9fb18e4364,5d18cf6eb3e698001eea9960,pair_0392,Practice w AI,Practice wo AI,True
5d7085f70a426200186bc676,6750c7eaec05ae2f773b5be9,pair_0393,No practice,No practice,False
6630f8c1f995b01de9767c7d,5ec738ce3c7fd317a72dcfe6,pair_0394,No practice,Practice w AI,True
6741b2d133472ff2947350bf,674219b922bf096aa19e0132,pair_0395,Practice wo AI,Practice wo AI,False
6706d57c71b08b435db201ed,66aa737c246ab5cf919f921c,pair_0396,Practice wo AI,Practice w AI,True
67418b0073a668a4f01c195f,671ad3255a64b6879856e3b8,pair_0397,Practice w AI,No practice,True
67408294dde74bdcf6ab3624,5debed6b3820732ef2af3c55,pair_0398,No practice,No practice,False
6726f38cd14d8ba8644f2bcf,67408294dde74bdcf6ab3624,pair_0399,Practice w AI,No practice,True
673253900b42a97fc5a371c1,6720de8a0a6c9c0c3b803fb7,pair_0400,Practice wo AI,No practice,True
6229ee11f6b5405956544966,67542c40610c0a42c85564d3,pair_0401,Practice w AI,No practice,True
6734a7b09364436b5f4d0bef,674b3b45f390921a88f24747,pair_0402,Practice wo AI,Practice w AI,True
5f5d6b0def06255d5119a9ba,6701a4d42a2e8c434e0fc50a,pair_0403,Practice w AI,Practice wo AI,True
5d0b7d3a1c9a4e001a11dd19,67474b18c19b12c4feeed5d2,pair_0404,Practice wo AI,Practice w AI,True
6744f2b0bc094f0202eee300,6019ef82db64741e01adb686,pair_0405,No practice,Practice wo AI,True
673305eed310a7d38c4fb88c,6705ced6e56f5598aa07112d,pair_0406,Practice wo AI,Practice w AI,True
6751f332ae95eef3bdc2f3d2,6562c873c8002ad2e44b7b33,pair_0407,Practice w AI,No practice,True
6755cf3ef3d14c0c963b12c3,6736252ad04633e3c76630da,pair_0408,Practice wo AI,Practice w AI,True
66327d80e38c281ece2d3f1c,5bfd81fb2feab400014d9060,pair_0409,Practice w AI,Practice wo AI,True
6733248e5bd5390d25c71787,6750c7eaec05ae2f773b5be9,pair_0410,No practice,No practice,False
673fb829ebd9b9b3c88d4f57,6733248e5bd5390d25c71787,pair_0411,Practice wo AI,No practice,True
6695541a6e0d986b02c25dd9,674e79192cd6a534d097fa86,pair_0412,No practice,No practice,False
6742189e9fd5fe9de0d9b729,6733248e5bd5390d25c71787,pair_0413,No practice,No practice,False
67073b794c4f1d5d452d23d7,66f636a15a0ec8d9ef572bae,pair_0414,No practice,No practice,False
673215ff162805cf7a252019,673ce5fb976e7b0fec24c1e9,pair_0415,Practice wo AI,Practice w AI,True
673ed00f3ebd9a8bdb2af956,5f49457d8ac21f34cf443e62,pair_0416,No practice,No practice,False
6750f2355fd9ba678f76fa5c,66eddcfe67e927db6f0a4768,pair_0417,Practice wo AI,Practice wo AI,False
674d8599e34ae51aa4235454,670fc040eb429afca6ec21e0,pair_0418,Practice w AI,No practice,True
674dfaa7d928f0bfb0084339,6716deaf9d399c9499b878cd,pair_0419,No practice,No practice,False
6736679e7f59a8570f845b14,66df3be52e3a37738fecdf1a,pair_0420,Practice wo AI,Practice wo AI,False
67530d3f746600868ad35364,6748f02892a5641e585c53b2,pair_0421,No practice,No practice,False
674a1e9ff099f95c96164b67,66eb8427a91699e7d2eefc29,pair_0422,Practice wo AI,No practice,True
663a8b9eb077de60d6884574,674efe761abf45787d51a7c3,pair_0423,Practice wo AI,Practice w AI,True
6716b72cb62f2e7204264d3c,6748f8e31516667cc3eb71e8,pair_0424,Practice w AI,No practice,True
650c3f3a36d72f87324d708f,63f809102d5b3a98cb923306,pair_0425,Practice w AI,Practice w AI,False
6744639f3f41b208789e2b15,6734010bda95d208801d15b0,pair_0426,Practice w AI,Practice wo AI,True
5df4892578322533c70aecdf,6717f49882dda1264ded32b9,pair_0427,Practice wo AI,Practice wo AI,False
6737295e43d8fb5b7a84498b,5ed68cac121a540dfb82f4ea,pair_0428,Practice w AI,No practice,True
673ab124dd6f6df06b143da0,66e3551244755a4debcd58d8,pair_0429,Practice w AI,Practice w AI,False
671f79a56247ae73ebb20e5c,673ed00f3ebd9a8bdb2af956,pair_0430,Practice wo AI,No practice,True
5e3e54f69e51f80b67c1cc06,672990f6d28704d466361881,pair_0431,Practice w AI,Practice w AI,False
669d6944d79f7655e42582fc,672c07a7e4ed661368e89246,pair_0432,Practice w AI,Practice wo AI,True
67110816ee3ab678f80eed04,6567644b0a4a14cbeaac5a79,pair_0433,No practice,Practice w AI,True
610e2de21943396ffccfcf4e,6752dfa83d6bd053f4a82672,pair_0434,No practice,No practice,False
673e4e69ce45d284f16fad2d,6725246621f607dc27137c03,pair_0435,Practice w AI,Practice w AI,False
671fae1be03bf361e4a6342e,650c3f3a36d72f87324d708f,pair_0436,No practice,Practice w AI,True
5be728a4dbedc80001377337,672b535d32de33b44a2c2bf8,pair_0437,Practice wo AI,No practice,True
66d6b541291304cb7e9fcc4e,673ce807b23c287507a4230e,pair_0438,No practice,No practice,False
673218a457531caf7e24f2a6,6755cf3ef3d14c0c963b12c3,pair_0439,Practice w AI,Practice wo AI,True
6739909cd20e7e7fcf711ef7,670fc040eb429afca6ec21e0,pair_0440,No practice,No practice,False
6755e7f8aa088eda32fcdc43,63bd8d4ca46f8313570e6fa4,pair_0441,Practice wo AI,Practice wo AI,False
601c1f550370f34ec49ab0b6,673e249d764205ff4fdc5af1,pair_0442,Practice wo AI,Practice wo AI,False
6718c8fc698d34ce5d298fef,6741fe9a07d7d42c5ed043ad,pair_0443,No practice,Practice w AI,True
673c32d8bcf768ce9f55ac33,667d40aa7de88cce486a3beb,pair_0444,Practice wo AI,Practice wo AI,False
66c41e2528dfe10533b505a9,674a1e9ff099f95c96164b67,pair_0445,Practice w AI,Practice wo AI,True
67280753237c0c4258f356a6,671a80f4ca33770b00602f07,pair_0446,Practice wo AI,Practice wo AI,False
6724a516c163624782172432,671fd6f39d8fe673222a5324,pair_0447,Practice w AI,Practice wo AI,True
67351d5a16ab59e9f1b0946a,671fd6f39d8fe673222a5324,pair_0448,Practice w AI,Practice wo AI,True
66f55772a7312a23f27b3196,6724a516c163624782172432,pair_0449,Practice w AI,Practice w AI,False
67206083e8af4cf14439ac21,60fb024cbfd74cc251c6f9b0,pair_0450,No practice,Practice w AI,True
6757f72f155aa5774594c6b3,6748f8e31516667cc3eb71e8,pair_0451,Practice w AI,No practice,True
5eb4c6510ef386339dde2a35,669d6944d79f7655e42582fc,pair_0452,No practice,Practice w AI,True
6739075d10227690e7d142ed,5bfd81fb2feab400014d9060,pair_0453,Practice wo AI,Practice wo AI,False
672ede539bd39a8deecc501d,673ab124dd6f6df06b143da0,pair_0454,Practice wo AI,Practice w AI,True
6727e10a76e80949064e1e6c,638a66471585cb7583285740,pair_0455,Practice w AI,Practice w AI,False
66f0d61cc482b4b76567015d,5d203fad20b61f00012aced4,pair_0456,Practice w AI,No practice,True
672f7c36a98c409af1d49bea,6738d0d8a49ff94090a8668a,pair_0457,Practice w AI,No practice,True
66c6952ac1f2b09e6c930cf8,674219b922bf096aa19e0132,pair_0458,No practice,Practice wo AI,True
5cd6c1197b871a0001b13589,5d654282986878001c2a5db7,pair_0459,No practice,Practice wo AI,True
65b549c67c7791499c09f8a2,673f1dafec0718eb572db268,pair_0460,No practice,Practice wo AI,True
5fb701a86c3b2e1da0b3235a,672ce0841dfa29f676e37b0f,pair_0461,Practice w AI,Practice wo AI,True
6712764f69b9fc3c7a0f0ae7,674b3b45f390921a88f24747,pair_0462,Practice w AI,Practice w AI,False
5dcc3ec7db13278d75c8622f,6755e7f8aa088eda32fcdc43,pair_0463,Practice wo AI,Practice wo AI,False
672fe1481ba8b290765e0a76,67043b37df9ef06a056c08a7,pair_0464,Practice wo AI,Practice w AI,True
674b32fd39976ab4ec92d7d6,6718211bee61c726b40afb2b,pair_0465,No practice,Practice wo AI,True
66e751acca3571686adc14d4,6229ee11f6b5405956544966,pair_0466,No practice,Practice w AI,True
673a2837d5cb152d08ee5be8,66fbce9f6636b088d001a4e9,pair_0467,No practice,No practice,False
672e86a538b9e142805a426e,667d40aa7de88cce486a3beb,pair_0468,Practice w AI,Practice wo AI,True
5f89c991f0e3a80101afe091,672bb303dc26d7849dc27a77,pair_0469,Practice w AI,Practice wo AI,True
67224ad15231b5e9538948bd,673b98ed5c9291ade287dc2d,pair_0470,Practice wo AI,No practice,True
674065a38ff18a032bc97fa6,673f1dafec0718eb572db268,pair_0471,No practice,Practice wo AI,True
6743ad4dc1bf31373949d647,66f6f78c68246dd27f4dcc05,pair_0472,No practice,Practice wo AI,True
665cd9869a0ffe598b8b84a7,6737d3a1eea5bb6f29a9fdcd,pair_0473,Practice w AI,Practice w AI,False
66edfa4100bafe2855a5654c,673ead8d8389b11c02a060e9,pair_0474,Practice wo AI,Practice w AI,True
67414d7323258c912a5a9080,5e46aa20caec81000b7d4f93,pair_0475,Practice w AI,Practice wo AI,True
6749e23147701f88fb137f3c,6562c873c8002ad2e44b7b33,pair_0476,Practice w AI,No practice,True
65cd90916d6c5ca9f796e9a3,5e2b4e61a7f804000a55eee7,pair_0477,Practice wo AI,No practice,True
61043313db87223a3f2929ed,66aa80ac332a6f9fb18e4364,pair_0478,No practice,Practice w AI,True
6629adbd155fc3428fedad56,671e304feab861f71c53159e,pair_0479,Practice w AI,Practice w AI,False
6717b20f3f98b3e3069401e3,671498899f67df85f33ea053,pair_0480,Practice w AI,Practice wo AI,True
6742d8af3108e8a56dda101e,673215ff162805cf7a252019,pair_0481,Practice wo AI,Practice wo AI,False
66d8d824887fc4d4c7a873d4,5e2b4e61a7f804000a55eee7,pair_0482,Practice w AI,No practice,True
67530f4304eeee59262e116c,673ead8d8389b11c02a060e9,pair_0483,Practice w AI,Practice w AI,False
673726b38e7451a580f3c624,6751f03363fdbd0a960f7f87,pair_0484,No practice,No practice,False
6710578884662430d4c6d4b9,6732ab9b8627904cc6a8a524,pair_0485,Practice w AI,No practice,True
60da55124ca8924a40a8d91c,673ed00f3ebd9a8bdb2af956,pair_0486,No practice,No practice,False
674d74930bb10f46df1ca2db,617162d1105c7a764aab90b4,pair_0487,Practice w AI,Practice wo AI,True
60778db7ed3bae21972be1b4,67224ad15231b5e9538948bd,pair_0488,Practice w AI,Practice wo AI,True
673ca896c4ffe7eba1d26499,673db657aea3fbabfc2dc7e9,pair_0489,Practice wo AI,Practice wo AI,False
65fcdef120c3e7513256ac68,6716deaf9d399c9499b878cd,pair_0490,Practice wo AI,No practice,True
66311c9747a9466bf5dcf6ba,66f4f7ad212140211220fee0,pair_0491,Practice wo AI,No practice,True
66fce373051cafbe0961017b,673253900b42a97fc5a371c1,pair_0492,Practice w AI,Practice wo AI,True
674dd4a8db09aec3c797b225,66f6f78c68246dd27f4dcc05,pair_0493,No practice,Practice wo AI,True
66ac666f3e030205c277b763,674d8599e34ae51aa4235454,pair_0494,Practice wo AI,Practice w AI,True
674886cc98e540f712e258b3,673f1dafec0718eb572db268,pair_0495,Practice wo AI,Practice wo AI,False
67511986975a960bcf3abf18,6716a4d35dcfb3a276097670,pair_0496,No practice,Practice w AI,True
6734ab3304b4b5bc58df43cd,67143d6ceca675fc7f56d6ad,pair_0497,Practice w AI,No practice,True
67354657253f396591767b63,672b535d32de33b44a2c2bf8,pair_0498,Practice wo AI,No practice,True
62fdda3096b651e5beacf456,672f7c36a98c409af1d49bea,pair_0499,Practice wo AI,Practice w AI,True
674ecab9c4b5d7e72489cc90,673775d01ea6f13f83478a98,pair_0500,No practice,Practice w AI,True
674665004084064b14f073cf,5d59b0b61da7d1001aa1a853,pair_0501,Practice w AI,Practice wo AI,True
6744fb5c6a8a3d8e3f531da3,674a00c98d6b23fcec3273be,pair_0502,Practice w AI,No practice,True
6748fee70bf23692cd9f0de1,67445f0269a82fe014b24be0,pair_0503,No practice,No practice,False
67477ac7090d737ae33348ea,66df3be52e3a37738fecdf1a,pair_0504,Practice wo AI,Practice wo AI,False
67434ac64ecdf3a681e629cb,6717f49882dda1264ded32b9,pair_0505,Practice wo AI,Practice wo AI,False
6646abc0720d1baaa7e0af4c,66775344eabb4cc1cbc0120e,pair_0506,Practice w AI,Practice wo AI,True
6725b59fd221a054d8cdc72a,674065a38ff18a032bc97fa6,pair_0507,No practice,No practice,False
5fb5ef0ab61b9e02d5752768,66240955715b3b45903381ed,pair_0508,Practice w AI,Practice w AI,False
67178d9d0cab3c8f3a70ca8e,67043b37df9ef06a056c08a7,pair_0509,Practice wo AI,Practice w AI,True
5bb7af73dd840f0001d85935,66eb8427a91699e7d2eefc29,pair_0510,Practice wo AI,No practice,True
673af2a9c1f8458caba0ebb8,673d071d17bf88e3930af5f0,pair_0511,Practice wo AI,Practice wo AI,False
5bc1408d5a09ea00012e3cd8,5be728a4dbedc80001377337,pair_0512,Practice w AI,Practice wo AI,True
672a3e67066f5a781bb96f51,6739075d10227690e7d142ed,pair_0513,Practice w AI,Practice wo AI,True
660b8a64848fe5d8cc2c5444,5f49457d8ac21f34cf443e62,pair_0514,No practice,No practice,False
67477ac7090d737ae33348ea,58462977d2be990001174ae3,pair_0515,Practice wo AI,Practice wo AI,False
67414d7323258c912a5a9080,673ece27f62fd4e495b8731c,pair_0516,Practice w AI,Practice wo AI,True
671f79a56247ae73ebb20e5c,63bd8d4ca46f8313570e6fa4,pair_0517,Practice wo AI,Practice wo AI,False
674ca03cb3b66e7b92461fc4,674f6467df47b9f52bafc85e,pair_0518,Practice w AI,Practice w AI,False
673ce5fb976e7b0fec24c1e9,67445f0269a82fe014b24be0,pair_0519,Practice w AI,No practice,True
6727dad78b37b3e6c93092ff,660b8a64848fe5d8cc2c5444,pair_0520,Practice w AI,No practice,True
6749e23147701f88fb137f3c,6750f2355fd9ba678f76fa5c,pair_0521,Practice w AI,Practice wo AI,True
6737aa6cfebe4f707b501d47,5f6f738fef894f0dbf9839f8,pair_0522,Practice wo AI,Practice wo AI,False
662bdd8c97c290536da33e88,66f0d61cc482b4b76567015d,pair_0523,Practice wo AI,Practice w AI,True
67511986975a960bcf3abf18,673ce5fb976e7b0fec24c1e9,pair_0524,No practice,Practice w AI,True
6701a4d42a2e8c434e0fc50a,6019ef82db64741e01adb686,pair_0525,Practice wo AI,Practice wo AI,False
67274a937bc73438d89976b8,6718c8fc698d34ce5d298fef,pair_0526,No practice,No practice,False
6655a82a88d0e8cbcc9dff42,66d6b541291304cb7e9fcc4e,pair_0527,Practice wo AI,No practice,True
66edfa4100bafe2855a5654c,674d74930bb10f46df1ca2db,pair_0528,Practice wo AI,Practice w AI,True
6744e6e3ab71f37420a2b512,671ad3255a64b6879856e3b8,pair_0529,Practice wo AI,No practice,True
66fce373051cafbe0961017b,650c3f3a36d72f87324d708f,pair_0530,Practice w AI,Practice w AI,False
6736679e7f59a8570f845b14,6716b72cb62f2e7204264d3c,pair_0531,Practice wo AI,Practice w AI,True
6710578884662430d4c6d4b9,5fb5ef0ab61b9e02d5752768,pair_0532,Practice w AI,Practice w AI,False
673f6c92a931906b3b255300,6655a82a88d0e8cbcc9dff42,pair_0533,Practice w AI,Practice wo AI,True
6629adbd155fc3428fedad56,5f2a13417b4ac51dc95d38c1,pair_0534,Practice w AI,No practice,True
6712764f69b9fc3c7a0f0ae7,6725b59fd221a054d8cdc72a,pair_0535,Practice w AI,No practice,True
673a2837d5cb152d08ee5be8,5d59b0b61da7d1001aa1a853,pair_0536,No practice,Practice wo AI,True
66aa737c246ab5cf919f921c,66eb8427a91699e7d2eefc29,pair_0537,Practice w AI,No practice,True
6077314ace74aa8fd3f90e9c,65f5cbcd2324b8dd6f3ff42d,pair_0538,Practice w AI,No practice,True
66eadc2f3e0ce992ca6d5db7,67208d3885ff15254cff81a5,pair_0539,Practice w AI,Practice wo AI,True
5dcc3ec7db13278d75c8622f,6646abc0720d1baaa7e0af4c,pair_0540,Practice wo AI,Practice w AI,True
671b808f72d8aafff77cf0a4,67477ac7090d737ae33348ea,pair_0541,No practice,Practice wo AI,True
67530d3f746600868ad35364,6748fee70bf23692cd9f0de1,pair_0542,No practice,No practice,False
66d8d824887fc4d4c7a873d4,671a80f4ca33770b00602f07,pair_0543,Practice w AI,Practice wo AI,True
5bc1408d5a09ea00012e3cd8,671b87c9955ba2507a9a9947,pair_0544,Practice w AI,No practice,True
67472b406557adf9044c6e34,6742d8af3108e8a56dda101e,pair_0545,No practice,Practice wo AI,True
6751f332ae95eef3bdc2f3d2,6706d57c71b08b435db201ed,pair_0546,Practice w AI,Practice wo AI,True
673e12bb731e90ac14d9464c,675345b32d636f68b81a386b,pair_0547,Practice w AI,Practice w AI,False
673305eed310a7d38c4fb88c,5bc1408d5a09ea00012e3cd8,pair_0548,Practice wo AI,Practice w AI,True
5d803d51aa53f30015ce5b77,662d017cd5d3a0ed42bfe339,pair_0549,Practice wo AI,Practice w AI,True
6726f38cd14d8ba8644f2bcf,66f55772a7312a23f27b3196,pair_0550,Practice w AI,Practice w AI,False
6741fe9a07d7d42c5ed043ad,67445f0269a82fe014b24be0,pair_0551,Practice w AI,No practice,True
672f1ca849e55a65b16736aa,674dfaa7d928f0bfb0084339,pair_0552,Practice w AI,No practice,True
672f0bc51dcdd7fd05d5a26b,6710578884662430d4c6d4b9,pair_0553,No practice,Practice w AI,True
66dd875b792eea0ebd7480c2,6562c873c8002ad2e44b7b33,pair_0554,No practice,No practice,False
5c1ffe5295f978000173df84,674665004084064b14f073cf,pair_0555,No practice,Practice w AI,True
673f22a6fe1eb8b74492446c,674b32fd39976ab4ec92d7d6,pair_0556,No practice,No practice,False
6695541a6e0d986b02c25dd9,61043313db87223a3f2929ed,pair_0557,No practice,No practice,False
670c4a94154a76c8d4a4bd83,67388a4fd2107e49489b05e6,pair_0558,Practice w AI,Practice w AI,False
5bb7af73dd840f0001d85935,673ead8d8389b11c02a060e9,pair_0559,Practice wo AI,Practice w AI,True
66327d80e38c281ece2d3f1c,6717b20f3f98b3e3069401e3,pair_0560,Practice w AI,Practice w AI,False
67506ddcd40746bb1f460a23,675440feacddb63cb9d5988b,pair_0561,No practice,No practice,False
66c6952ac1f2b09e6c930cf8,66f6f78c68246dd27f4dcc05,pair_0562,No practice,Practice wo AI,True
66e3551244755a4debcd58d8,60778db7ed3bae21972be1b4,pair_0563,Practice w AI,Practice w AI,False
5fb701a86c3b2e1da0b3235a,5e2b4e61a7f804000a55eee7,pair_0564,Practice w AI,No practice,True
665cd9869a0ffe598b8b84a7,674b32fd39976ab4ec92d7d6,pair_0565,Practice w AI,No practice,True
663a8b9eb077de60d6884574,671b87c9955ba2507a9a9947,pair_0566,Practice wo AI,No practice,True
674ecb107dac894c50a95473,66d11be993fd125064876a34,pair_0567,Practice w AI,Practice wo AI,True
61474a17f798ccc4e40383da,671f79a56247ae73ebb20e5c,pair_0568,No practice,Practice wo AI,True
6734a7b09364436b5f4d0bef,67542c40610c0a42c85564d3,pair_0569,Practice wo AI,No practice,True
65cd90916d6c5ca9f796e9a3,66e3551244755a4debcd58d8,pair_0570,Practice wo AI,Practice w AI,True
5e7e5df723c3560d66f2946d,66afb95e579fb899b5e90ab3,pair_0571,Practice w AI,Practice wo AI,True
5f371531d5b7e818ee0cf328,67530d3f746600868ad35364,pair_0572,Practice wo AI,No practice,True
672ede539bd39a8deecc501d,60fb024cbfd74cc251c6f9b0,pair_0573,Practice wo AI,Practice w AI,True
67458a62196f76e7fc7b28bf,673cd678c75d841b07b4d34a,pair_0574,Practice wo AI,No practice,True
60da55124ca8924a40a8d91c,6748f02892a5641e585c53b2,pair_0575,No practice,No practice,False
673cf6d476dc4af064402a8c,67274a937bc73438d89976b8,pair_0576,No practice,No practice,False
67357ce504c70a09cead4705,673ce5fb976e7b0fec24c1e9,pair_0577,No practice,Practice w AI,True
673af2a9c1f8458caba0ebb8,601c1f550370f34ec49ab0b6,pair_0578,Practice wo AI,Practice wo AI,False
67354657253f396591767b63,5efc9bc405e069062e0f3a6f,pair_0579,Practice wo AI,Practice wo AI,False
5aaddb14beaf0b0001707c69,6724a516c163624782172432,pair_0580,No practice,Practice w AI,True
5d0b7d3a1c9a4e001a11dd19,672ce0841dfa29f676e37b0f,pair_0581,Practice wo AI,Practice wo AI,False
5f89c991f0e3a80101afe091,66d11be993fd125064876a34,pair_0582,Practice w AI,Practice wo AI,True
673e2ad54a989f15bc638d5b,6718211bee61c726b40afb2b,pair_0583,Practice w AI,Practice wo AI,True
672e86a538b9e142805a426e,63f809102d5b3a98cb923306,pair_0584,Practice w AI,Practice w AI,False
6744639f3f41b208789e2b15,660b8a64848fe5d8cc2c5444,pair_0585,Practice w AI,No practice,True
6742189e9fd5fe9de0d9b729,673ca896c4ffe7eba1d26499,pair_0586,No practice,Practice wo AI,True
67155947b83a6aee15acbc0d,673e12bb731e90ac14d9464c,pair_0587,Practice w AI,Practice w AI,False
674886cc98e540f712e258b3,66df3be52e3a37738fecdf1a,pair_0588,Practice wo AI,Practice wo AI,False
672fe1481ba8b290765e0a76,5e4e844553bc702cdf68404d,pair_0589,Practice wo AI,Practice w AI,True
66eddcfe67e927db6f0a4768,6737295e43d8fb5b7a84498b,pair_0590,Practice wo AI,Practice w AI,True
5bf336d965825d00017cf3c2,5dd33f6b2091e93579973754,pair_0591,No practice,Practice wo AI,True
674eead0fa651dc021895fd9,5fb5ef0ab61b9e02d5752768,pair_0592,Practice wo AI,Practice w AI,True
67434ac64ecdf3a681e629cb,674b32fd39976ab4ec92d7d6,pair_0593,Practice wo AI,No practice,True
673218a457531caf7e24f2a6,6757f72f155aa5774594c6b3,pair_0594,Practice w AI,Practice w AI,False
66e6d8a2fa6cce78584c8bcd,672fb08eff9dcbaeeb666b7e,pair_0595,Practice wo AI,No practice,True
6739909cd20e7e7fcf711ef7,673305eed310a7d38c4fb88c,pair_0596,No practice,Practice wo AI,True
6744fb5c6a8a3d8e3f531da3,66f0d61cc482b4b76567015d,pair_0597,Practice w AI,Practice w AI,False
5a9ab4944eecca0001dd806a,6718c8fc698d34ce5d298fef,pair_0598,No practice,No practice,False
610e2de21943396ffccfcf4e,6630f8c1f995b01de9767c7d,pair_0599,No practice,No practice,False
66e751acca3571686adc14d4,674eead0fa651dc021895fd9,pair_0600,No practice,Practice wo AI,True
670d8b142f87173ffe3b4763,67073b794c4f1d5d452d23d7,pair_0601,No practice,No practice,False
650f0436808ab1edc4264660,67143d6ceca675fc7f56d6ad,pair_0602,No practice,No practice,False
6643cde3471e61890ff943ae,610e2de21943396ffccfcf4e,pair_0603,No practice,No practice,False
638a66471585cb7583285740,6751f03363fdbd0a960f7f87,pair_0604,Practice w AI,No practice,True
672990f6d28704d466361881,6724a516c163624782172432,pair_0605,Practice w AI,Practice w AI,False
5eb4c6510ef386339dde2a35,67351d5a16ab59e9f1b0946a,pair_0606,No practice,Practice w AI,True
5e3e54f69e51f80b67c1cc06,66d8d824887fc4d4c7a873d4,pair_0607,Practice w AI,Practice w AI,False
675662c8da055bc788c8a805,67224ad15231b5e9538948bd,pair_0608,No practice,Practice wo AI,True
5c54a532e3c69b0001af7b8c,6630f8c1f995b01de9767c7d,pair_0609,Practice w AI,No practice,True
66311c9747a9466bf5dcf6ba,66edfa4100bafe2855a5654c,pair_0610,Practice wo AI,Practice wo AI,False
673d1423ff3f7beef3984b8b,65f5cbcd2324b8dd6f3ff42d,pair_0611,Practice w AI,No practice,True
66ac666f3e030205c277b763,66c41e2528dfe10533b505a9,pair_0612,Practice wo AI,Practice w AI,True
5dd95e3c2274978e775f2aff,5d0b7d3a1c9a4e001a11dd19,pair_0613,Practice w AI,Practice wo AI,True
67280753237c0c4258f356a6,6643cde3471e61890ff943ae,pair_0614,Practice wo AI,No practice,True
67324222a147b9f2c738d0ec,650c3f3a36d72f87324d708f,pair_0615,No practice,Practice w AI,True
674ecab9c4b5d7e72489cc90,672e86a538b9e142805a426e,pair_0616,No practice,Practice w AI,True
67461b1c9d6e98cb909d1052,60fb024cbfd74cc251c6f9b0,pair_0617,Practice wo AI,Practice w AI,True
672f6bb692f6294cbe6e75c0,66c41e2528dfe10533b505a9,pair_0618,Practice w AI,Practice w AI,False
5ec738ce3c7fd317a72dcfe6,673f6c92a931906b3b255300,pair_0619,Practice w AI,Practice w AI,False
67110816ee3ab678f80eed04,673a2837d5cb152d08ee5be8,pair_0620,No practice,No practice,False
6737d3a1eea5bb6f29a9fdcd,67414d7323258c912a5a9080,pair_0621,Practice w AI,Practice w AI,False
673bc1b802483aa3f5018d27,6701a4d42a2e8c434e0fc50a,pair_0622,No practice,Practice wo AI,True
67474b18c19b12c4feeed5d2,6736252ad04633e3c76630da,pair_0623,Practice w AI,Practice w AI,False
6711c745bcc0626c2de36d07,673726b38e7451a580f3c624,pair_0624,Practice w AI,No practice,True
6727e10a76e80949064e1e6c,674f6467df47b9f52bafc85e,pair_0625,Practice w AI,Practice w AI,False
6734ab3304b4b5bc58df43cd,673840bbbf35e7a4a6ad3918,pair_0626,Practice w AI,No practice,True
673fb829ebd9b9b3c88d4f57,673f6c92a931906b3b255300,pair_0627,Practice wo AI,Practice w AI,True
66f636a15a0ec8d9ef572bae,6129ba3532102d5c539ff29b,pair_0628,No practice,No practice,False
673b8d1448db4a031a4a90b2,60fb024cbfd74cc251c6f9b0,pair_0629,Practice wo AI,Practice w AI,True
673e4e69ce45d284f16fad2d,5f5de0c1a9ba1163a6f7f78b,pair_0630,Practice w AI,No practice,True
617162d1105c7a764aab90b4,671a80f4ca33770b00602f07,pair_0631,Practice wo AI,Practice wo AI,False
672a3e67066f5a781bb96f51,6727dad78b37b3e6c93092ff,pair_0632,Practice w AI,Practice w AI,False
673c32d8bcf768ce9f55ac33,670d8b142f87173ffe3b4763,pair_0633,Practice wo AI,No practice,True
6725246621f607dc27137c03,6740281e046425743a959ce2,pair_0634,Practice w AI,No practice,True
67530f4304eeee59262e116c,66aa737c246ab5cf919f921c,pair_0635,Practice w AI,Practice w AI,False
673dd729602638e2ca0c3cd7,5ed68cac121a540dfb82f4ea,pair_0636,No practice,No practice,False
670e2a711df0a045aea8de04,673ed00f3ebd9a8bdb2af956,pair_0637,Practice w AI,No practice,True
671fae1be03bf361e4a6342e,673775d01ea6f13f83478a98,pair_0638,No practice,Practice w AI,True
66957ab0e33f6b17bea3a067,67208d3885ff15254cff81a5,pair_0639,Practice wo AI,Practice wo AI,False
5d7085f70a426200186bc676,67418b0073a668a4f01c195f,pair_0640,No practice,Practice w AI,True
65fcdef120c3e7513256ac68,66d11be993fd125064876a34,pair_0641,Practice wo AI,Practice wo AI,False
66dfab8a51e1e36892dc419a,66aa737c246ab5cf919f921c,pair_0642,Practice wo AI,Practice w AI,True
67570e6b659a69f3542f227c,67414d7323258c912a5a9080,pair_0643,No practice,Practice w AI,True
673b3cdce48f221ee513c467,63bd8d4ca46f8313570e6fa4,pair_0644,Practice wo AI,Practice wo AI,False
67476bf18ef77c29b9ed3ef4,66dfab8a51e1e36892dc419a,pair_0645,Practice w AI,Practice wo AI,True
5cd6c1197b871a0001b13589,6725246621f607dc27137c03,pair_0646,No practice,Practice w AI,True
67178d9d0cab3c8f3a70ca8e,67530d3f746600868ad35364,pair_0647,Practice wo AI,No practice,True
6741b2d133472ff2947350bf,65b549c67c7791499c09f8a2,pair_0648,Practice wo AI,No practice,True
6744f2b0bc094f0202eee300,66fce373051cafbe0961017b,pair_0649,No practice,Practice w AI,True
6757fef215ee6088e0b7fa55,673f1dafec0718eb572db268,pair_0650,Practice w AI,Practice wo AI,True
5df4892578322533c70aecdf,6737aa6cfebe4f707b501d47,pair_0651,Practice wo AI,Practice wo AI,False
5f5d6b0def06255d5119a9ba,67418b0073a668a4f01c195f,pair_0652,Practice w AI,Practice w AI,False
6743ad4dc1bf31373949d647,5d803d51aa53f30015ce5b77,pair_0653,No practice,Practice wo AI,True
67206083e8af4cf14439ac21,67445f0269a82fe014b24be0,pair_0654,No practice,No practice,False
62fdda3096b651e5beacf456,674a1e9ff099f95c96164b67,pair_0655,Practice wo AI,Practice wo AI,False
620bdc0ba922fc3f247f6939,5da497568034e40011366267,pair_0656,Practice wo AI,Practice w AI,True
66240955715b3b45903381ed,5c22f28d70d93a0001201738,pair_0657,Practice w AI,Practice w AI,False
674dd4a8db09aec3c797b225,6737043554b7adfcf6ccf4c8,pair_0658,No practice,Practice wo AI,True
6739909cd20e7e7fcf711ef7,5aaddb14beaf0b0001707c69,pair_0659,No practice,No practice,False
6734a7b09364436b5f4d0bef,674eead0fa651dc021895fd9,pair_0660,Practice wo AI,Practice wo AI,False
66327d80e38c281ece2d3f1c,5e3e54f69e51f80b67c1cc06,pair_0661,Practice w AI,Practice w AI,False
6752dfa83d6bd053f4a82672,674ca03cb3b66e7b92461fc4,pair_0662,No practice,Practice w AI,True
67570e6b659a69f3542f227c,671b808f72d8aafff77cf0a4,pair_0663,No practice,No practice,False
67206083e8af4cf14439ac21,66c41e2528dfe10533b505a9,pair_0664,No practice,Practice w AI,True
66240955715b3b45903381ed,6727dad78b37b3e6c93092ff,pair_0665,Practice w AI,Practice w AI,False
6712764f69b9fc3c7a0f0ae7,67043b37df9ef06a056c08a7,pair_0666,Practice w AI,Practice w AI,False
5cd6c1197b871a0001b13589,66eadc2f3e0ce992ca6d5db7,pair_0667,No practice,Practice w AI,True
6757f72f155aa5774594c6b3,673cd678c75d841b07b4d34a,pair_0668,Practice w AI,No practice,True
673253900b42a97fc5a371c1,6750f2355fd9ba678f76fa5c,pair_0669,Practice wo AI,Practice wo AI,False
671498899f67df85f33ea053,5da497568034e40011366267,pair_0670,Practice wo AI,Practice w AI,True
5f89c991f0e3a80101afe091,6741b2d133472ff2947350bf,pair_0671,Practice w AI,Practice wo AI,True
6743ad4dc1bf31373949d647,6718c8fc698d34ce5d298fef,pair_0672,No practice,No practice,False
67511986975a960bcf3abf18,672f0bc51dcdd7fd05d5a26b,pair_0673,No practice,No practice,False
620bdc0ba922fc3f247f6939,6643cde3471e61890ff943ae,pair_0674,Practice wo AI,No practice,True
5d203fad20b61f00012aced4,6734010bda95d208801d15b0,pair_0675,No practice,Practice wo AI,True
66775344eabb4cc1cbc0120e,6741fe9a07d7d42c5ed043ad,pair_0676,Practice wo AI,Practice w AI,True
65cd90916d6c5ca9f796e9a3,6742d8af3108e8a56dda101e,pair_0677,Practice wo AI,Practice wo AI,False
672ce0841dfa29f676e37b0f,5bfd81fb2feab400014d9060,pair_0678,Practice wo AI,Practice wo AI,False
67073b794c4f1d5d452d23d7,674ca03cb3b66e7b92461fc4,pair_0679,No practice,Practice w AI,True
6726f38cd14d8ba8644f2bcf,662d017cd5d3a0ed42bfe339,pair_0680,Practice w AI,Practice w AI,False
66eddcfe67e927db6f0a4768,674b3b45f390921a88f24747,pair_0681,Practice wo AI,Practice w AI,True
674e79192cd6a534d097fa86,6742189e9fd5fe9de0d9b729,pair_0682,No practice,No practice,False
6748f02892a5641e585c53b2,674665004084064b14f073cf,pair_0683,No practice,Practice w AI,True
5f6f738fef894f0dbf9839f8,66eadc2f3e0ce992ca6d5db7,pair_0684,Practice wo AI,Practice w AI,True
67354657253f396591767b63,6755e7f8aa088eda32fcdc43,pair_0685,Practice wo AI,Practice wo AI,False
674dfaa7d928f0bfb0084339,67418b0073a668a4f01c195f,pair_0686,No practice,Practice w AI,True
6740281e046425743a959ce2,6705ced6e56f5598aa07112d,pair_0687,No practice,Practice w AI,True
671fae1be03bf361e4a6342e,674efe761abf45787d51a7c3,pair_0688,No practice,Practice w AI,True
669d6944d79f7655e42582fc,6717b20f3f98b3e3069401e3,pair_0689,Practice w AI,Practice w AI,False
66f636a15a0ec8d9ef572bae,6742189e9fd5fe9de0d9b729,pair_0690,No practice,No practice,False
670e3c70da3334b19d83bebc,667d40aa7de88cce486a3beb,pair_0691,Practice wo AI,Practice wo AI,False
5be728a4dbedc80001377337,5d654282986878001c2a5db7,pair_0692,Practice wo AI,Practice wo AI,False
67324222a147b9f2c738d0ec,6743ad4dc1bf31373949d647,pair_0693,No practice,No practice,False
5fb701a86c3b2e1da0b3235a,674f49392a04ca838a809c9d,pair_0694,Practice w AI,Practice wo AI,True
5d18cf6eb3e698001eea9960,6717b20f3f98b3e3069401e3,pair_0695,Practice wo AI,Practice w AI,True
674886cc98e540f712e258b3,5eb4c6510ef386339dde2a35,pair_0696,Practice wo AI,No practice,True
5efc9bc405e069062e0f3a6f,6734a7b09364436b5f4d0bef,pair_0697,Practice wo AI,Practice wo AI,False
5df4892578322533c70aecdf,5f371531d5b7e818ee0cf328,pair_0698,Practice wo AI,Practice wo AI,False
6736679e7f59a8570f845b14,6736252ad04633e3c76630da,pair_0699,Practice wo AI,Practice w AI,True
5c1ffe5295f978000173df84,6751f332ae95eef3bdc2f3d2,pair_0700,No practice,Practice w AI,True
670c4a94154a76c8d4a4bd83,674f6467df47b9f52bafc85e,pair_0701,Practice w AI,Practice w AI,False
673e249d764205ff4fdc5af1,675662c8da055bc788c8a805,pair_0702,Practice wo AI,No practice,True
66d6b541291304cb7e9fcc4e,674f6467df47b9f52bafc85e,pair_0703,No practice,Practice w AI,True
674d74930bb10f46df1ca2db,672fe1481ba8b290765e0a76,pair_0704,Practice w AI,Practice wo AI,True
6077314ace74aa8fd3f90e9c,6744f2b0bc094f0202eee300,pair_0705,Practice w AI,No practice,True
673dc43ca2f27f065ca2c6da,67414d7323258c912a5a9080,pair_0706,Practice wo AI,Practice w AI,True
6695541a6e0d986b02c25dd9,663a8b9eb077de60d6884574,pair_0707,No practice,Practice wo AI,True
5f5d6b0def06255d5119a9ba,66afb95e579fb899b5e90ab3,pair_0708,Practice w AI,Practice wo AI,True
674a00c98d6b23fcec3273be,67472b406557adf9044c6e34,pair_0709,No practice,No practice,False
674ecab9c4b5d7e72489cc90,671498899f67df85f33ea053,pair_0710,No practice,Practice wo AI,True
6748fee70bf23692cd9f0de1,674ecb107dac894c50a95473,pair_0711,No practice,Practice w AI,True
672ede539bd39a8deecc501d,5f5de0c1a9ba1163a6f7f78b,pair_0712,Practice wo AI,No practice,True
5dd95e3c2274978e775f2aff,675440feacddb63cb9d5988b,pair_0713,Practice w AI,No practice,True
6717ca3a61e52dc226157162,672990f6d28704d466361881,pair_0714,No practice,Practice w AI,True
6744639f3f41b208789e2b15,58462977d2be990001174ae3,pair_0715,Practice w AI,Practice wo AI,True
60fd94f3d702e2e637dcc4b1,5f6f738fef894f0dbf9839f8,pair_0716,No practice,Practice wo AI,True
67469dde494c2b78202fc16e,6757f72f155aa5774594c6b3,pair_0717,No practice,Practice w AI,True
5f49457d8ac21f34cf443e62,672fb08eff9dcbaeeb666b7e,pair_0718,No practice,No practice,False
67474b18c19b12c4feeed5d2,5aaddb14beaf0b0001707c69,pair_0719,Practice w AI,No practice,True
67388a4fd2107e49489b05e6,675440feacddb63cb9d5988b,pair_0720,Practice w AI,No practice,True
6229ee11f6b5405956544966,6744fb5c6a8a3d8e3f531da3,pair_0721,Practice w AI,Practice w AI,False
673ece27f62fd4e495b8731c,673215ff162805cf7a252019,pair_0722,Practice wo AI,Practice wo AI,False
6732ab9b8627904cc6a8a524,6077314ace74aa8fd3f90e9c,pair_0723,No practice,Practice w AI,True
672a3e67066f5a781bb96f51,671f79a56247ae73ebb20e5c,pair_0724,Practice w AI,Practice wo AI,True
6716deaf9d399c9499b878cd,5e7e5df723c3560d66f2946d,pair_0725,No practice,Practice w AI,True
5c54a532e3c69b0001af7b8c,66f55772a7312a23f27b3196,pair_0726,Practice w AI,Practice w AI,False
67110816ee3ab678f80eed04,67357ce504c70a09cead4705,pair_0727,No practice,No practice,False
673ca896c4ffe7eba1d26499,5aaddb14beaf0b0001707c69,pair_0728,Practice wo AI,No practice,True
66ac666f3e030205c277b763,5cd6c1197b871a0001b13589,pair_0729,Practice wo AI,No practice,True
673bc1b802483aa3f5018d27,665cd9869a0ffe598b8b84a7,pair_0730,No practice,Practice w AI,True
67408294dde74bdcf6ab3624,5e3e54f69e51f80b67c1cc06,pair_0731,No practice,Practice w AI,True
673e4e69ce45d284f16fad2d,5bfd81fb2feab400014d9060,pair_0732,Practice w AI,Practice wo AI,True
65fcdef120c3e7513256ac68,673b98ed5c9291ade287dc2d,pair_0733,Practice wo AI,No practice,True
66dd875b792eea0ebd7480c2,6720de8a0a6c9c0c3b803fb7,pair_0734,No practice,No practice,False
5bf336d965825d00017cf3c2,674f6467df47b9f52bafc85e,pair_0735,No practice,Practice w AI,True
5bb7af73dd840f0001d85935,5f6f738fef894f0dbf9839f8,pair_0736,Practice wo AI,Practice wo AI,False
66aa80ac332a6f9fb18e4364,673db657aea3fbabfc2dc7e9,pair_0737,Practice w AI,Practice wo AI,True
67530f4304eeee59262e116c,5f49457d8ac21f34cf443e62,pair_0738,Practice w AI,No practice,True
67506ddcd40746bb1f460a23,6716a4d35dcfb3a276097670,pair_0739,No practice,Practice w AI,True
673f22a6fe1eb8b74492446c,674dd4a8db09aec3c797b225,pair_0740,No practice,No practice,False
66f4f7ad212140211220fee0,67461b1c9d6e98cb909d1052,pair_0741,No practice,Practice wo AI,True
670e2a711df0a045aea8de04,5d803d51aa53f30015ce5b77,pair_0742,Practice w AI,Practice wo AI,True
66e751acca3571686adc14d4,66eb8427a91699e7d2eefc29,pair_0743,No practice,No practice,False
638a66471585cb7583285740,6748f02892a5641e585c53b2,pair_0744,Practice w AI,No practice,True
66fbce9f6636b088d001a4e9,673ab124dd6f6df06b143da0,pair_0745,No practice,Practice w AI,True
5debed6b3820732ef2af3c55,66f55772a7312a23f27b3196,pair_0746,No practice,Practice w AI,True
6629adbd155fc3428fedad56,6737043554b7adfcf6ccf4c8,pair_0747,Practice w AI,Practice wo AI,True
673e2ad54a989f15bc638d5b,67280753237c0c4258f356a6,pair_0748,Practice w AI,Practice wo AI,True
6744e6e3ab71f37420a2b512,5f49457d8ac21f34cf443e62,pair_0749,Practice wo AI,No practice,True
67434ac64ecdf3a681e629cb,66240955715b3b45903381ed,pair_0750,Practice wo AI,Practice w AI,True
673b3cdce48f221ee513c467,673840bbbf35e7a4a6ad3918,pair_0751,Practice wo AI,No practice,True
66639889ea005547089b6cbf,66c6952ac1f2b09e6c930cf8,pair_0752,Practice w AI,No practice,True
674065a38ff18a032bc97fa6,5e2b4e61a7f804000a55eee7,pair_0753,No practice,No practice,False
671e304feab861f71c53159e,6738d0d8a49ff94090a8668a,pair_0754,Practice w AI,No practice,True
617162d1105c7a764aab90b4,67461b1c9d6e98cb909d1052,pair_0755,Practice wo AI,Practice wo AI,False
5e46aa20caec81000b7d4f93,6734ab3304b4b5bc58df43cd,pair_0756,Practice wo AI,Practice w AI,True
60da55124ca8924a40a8d91c,67476bf18ef77c29b9ed3ef4,pair_0757,No practice,Practice w AI,True
672f7c36a98c409af1d49bea,674e79192cd6a534d097fa86,pair_0758,Practice w AI,No practice,True
650f0436808ab1edc4264660,6755cf3ef3d14c0c963b12c3,pair_0759,No practice,Practice wo AI,True
67351d5a16ab59e9f1b0946a,673af2a9c1f8458caba0ebb8,pair_0760,Practice w AI,Practice wo AI,True
66e6d8a2fa6cce78584c8bcd,5e4e844553bc702cdf68404d,pair_0761,Practice wo AI,Practice w AI,True
66311c9747a9466bf5dcf6ba,67280753237c0c4258f356a6,pair_0762,Practice wo AI,Practice wo AI,False
61474a17f798ccc4e40383da,5f5d6b0def06255d5119a9ba,pair_0763,No practice,Practice w AI,True
5e9f138c34d3e40326507588,673e12bb731e90ac14d9464c,pair_0764,Practice wo AI,Practice w AI,True
62fdda3096b651e5beacf456,6733248e5bd5390d25c71787,pair_0765,Practice wo AI,No practice,True
6737295e43d8fb5b7a84498b,66c6952ac1f2b09e6c930cf8,pair_0766,Practice w AI,No practice,True
673dd729602638e2ca0c3cd7,673ed00f3ebd9a8bdb2af956,pair_0767,No practice,No practice,False
61043313db87223a3f2929ed,66d11be993fd125064876a34,pair_0768,No practice,Practice wo AI,True
6725b59fd221a054d8cdc72a,6716deaf9d399c9499b878cd,pair_0769,No practice,No practice,False
673d1423ff3f7beef3984b8b,610e2de21943396ffccfcf4e,pair_0770,Practice w AI,No practice,True
6717f49882dda1264ded32b9,6705ced6e56f5598aa07112d,pair_0771,Practice wo AI,Practice w AI,True
67155947b83a6aee15acbc0d,672f1ca849e55a65b16736aa,pair_0772,Practice w AI,Practice w AI,False
671ad3255a64b6879856e3b8,65fcdef120c3e7513256ac68,pair_0773,No practice,Practice wo AI,True
65b274bf676b7b6d6a92a7bc,6736679e7f59a8570f845b14,pair_0774,Practice wo AI,Practice wo AI,False
601c1f550370f34ec49ab0b6,58462977d2be990001174ae3,pair_0775,Practice wo AI,Practice wo AI,False
5ed68cac121a540dfb82f4ea,673840bbbf35e7a4a6ad3918,pair_0776,No practice,No practice,False
674f5e7bf97ee4e183c9247e,672fb08eff9dcbaeeb666b7e,pair_0777,Practice wo AI,No practice,True
672f6bb692f6294cbe6e75c0,674eead0fa651dc021895fd9,pair_0778,Practice w AI,Practice wo AI,True
67458a62196f76e7fc7b28bf,6742189e9fd5fe9de0d9b729,pair_0779,Practice wo AI,No practice,True
673b8d1448db4a031a4a90b2,6755e7f8aa088eda32fcdc43,pair_0780,Practice wo AI,Practice wo AI,False
6727e10a76e80949064e1e6c,5f5d6b0def06255d5119a9ba,pair_0781,Practice w AI,Practice w AI,False
6748f8e31516667cc3eb71e8,66639889ea005547089b6cbf,pair_0782,No practice,Practice w AI,True
5ec738ce3c7fd317a72dcfe6,6706d57c71b08b435db201ed,pair_0783,Practice w AI,Practice wo AI,True
60778db7ed3bae21972be1b4,67408294dde74bdcf6ab3624,pair_0784,Practice w AI,No practice,True
5d7085f70a426200186bc676,6749e23147701f88fb137f3c,pair_0785,No practice,Practice w AI,True
6711c745bcc0626c2de36d07,60fd94f3d702e2e637dcc4b1,pair_0786,Practice w AI,No practice,True
662bdd8c97c290536da33e88,6718211bee61c726b40afb2b,pair_0787,Practice wo AI,Practice wo AI,False
6739075d10227690e7d142ed,63bd8d4ca46f8313570e6fa4,pair_0788,Practice wo AI,Practice wo AI,False
6757fef215ee6088e0b7fa55,6562c873c8002ad2e44b7b33,pair_0789,Practice w AI,No practice,True
672bb303dc26d7849dc27a77,61043313db87223a3f2929ed,pair_0790,Practice wo AI,No practice,True
6750c7eaec05ae2f773b5be9,673af2a9c1f8458caba0ebb8,pair_0791,No practice,Practice wo AI,True
6716b72cb62f2e7204264d3c,674f6467df47b9f52bafc85e,pair_0792,Practice w AI,Practice w AI,False
6646abc0720d1baaa7e0af4c,673840bbbf35e7a4a6ad3918,pair_0793,Practice w AI,No practice,True
673726b38e7451a580f3c624,674a1e9ff099f95c96164b67,pair_0794,No practice,Practice wo AI,True
673c32d8bcf768ce9f55ac33,67458a62196f76e7fc7b28bf,pair_0795,Practice wo AI,Practice wo AI,False
673fb829ebd9b9b3c88d4f57,67280753237c0c4258f356a6,pair_0796,Practice wo AI,Practice wo AI,False
673b4532dad611895a16ae00,673f6c92a931906b3b255300,pair_0797,Practice wo AI,Practice w AI,True
5a9ab4944eecca0001dd806a,673ab124dd6f6df06b143da0,pair_0798,No practice,Practice w AI,True
674d8599e34ae51aa4235454,6740281e046425743a959ce2,pair_0799,Practice w AI,No practice,True
66957ab0e33f6b17bea3a067,6750c7eaec05ae2f773b5be9,pair_0800,Practice wo AI,No practice,True
67178d9d0cab3c8f3a70ca8e,6695541a6e0d986b02c25dd9,pair_0801,Practice wo AI,No practice,True
6737d3a1eea5bb6f29a9fdcd,6737043554b7adfcf6ccf4c8,pair_0802,Practice w AI,Practice wo AI,True
673218a457531caf7e24f2a6,6716b72cb62f2e7204264d3c,pair_0803,Practice w AI,Practice w AI,False
5dcc3ec7db13278d75c8622f,67476bf18ef77c29b9ed3ef4,pair_0804,Practice wo AI,Practice w AI,True
65b549c67c7791499c09f8a2,67445f0269a82fe014b24be0,pair_0805,No practice,No practice,False
674219b922bf096aa19e0132,6750f2355fd9ba678f76fa5c,pair_0806,Practice wo AI,Practice wo AI,False
673cf6d476dc4af064402a8c,674a1e9ff099f95c96164b67,pair_0807,No practice,Practice wo AI,True
672b535d32de33b44a2c2bf8,6757fef215ee6088e0b7fa55,pair_0808,No practice,Practice w AI,True
671fae1be03bf361e4a6342e,5d203fad20b61f00012aced4,pair_0809,No practice,No practice,False
673dd729602638e2ca0c3cd7,66f6f78c68246dd27f4dcc05,pair_0810,No practice,Practice wo AI,True
6739909cd20e7e7fcf711ef7,5dcc3ec7db13278d75c8622f,pair_0811,No practice,Practice wo AI,True
673215ff162805cf7a252019,5d803d51aa53f30015ce5b77,pair_0812,Practice wo AI,Practice wo AI,False
5dd33f6b2091e93579973754,66ac666f3e030205c277b763,pair_0813,Practice wo AI,Practice wo AI,False
674f5e7bf97ee4e183c9247e,6737295e43d8fb5b7a84498b,pair_0814,Practice wo AI,Practice w AI,True
5d0b7d3a1c9a4e001a11dd19,673e4e69ce45d284f16fad2d,pair_0815,Practice wo AI,Practice w AI,True
673f22a6fe1eb8b74492446c,674e79192cd6a534d097fa86,pair_0816,No practice,No practice,False
662d017cd5d3a0ed42bfe339,66d11be993fd125064876a34,pair_0817,Practice w AI,Practice wo AI,True
66e3551244755a4debcd58d8,6737295e43d8fb5b7a84498b,pair_0818,Practice w AI,Practice w AI,False
67469dde494c2b78202fc16e,671ad3255a64b6879856e3b8,pair_0819,No practice,No practice,False
6630f8c1f995b01de9767c7d,672f0bc51dcdd7fd05d5a26b,pair_0820,No practice,No practice,False
673cf6d476dc4af064402a8c,617162d1105c7a764aab90b4,pair_0821,No practice,Practice wo AI,True
67224ad15231b5e9538948bd,5d0b7d3a1c9a4e001a11dd19,pair_0822,Practice wo AI,Practice wo AI,False
6755cf3ef3d14c0c963b12c3,67206083e8af4cf14439ac21,pair_0823,Practice wo AI,No practice,True
6229ee11f6b5405956544966,66f636a15a0ec8d9ef572bae,pair_0824,Practice w AI,No practice,True
675345b32d636f68b81a386b,672990f6d28704d466361881,pair_0825,Practice w AI,Practice w AI,False
672fe1481ba8b290765e0a76,672b535d32de33b44a2c2bf8,pair_0826,Practice wo AI,No practice,True
67511986975a960bcf3abf18,6630f8c1f995b01de9767c7d,pair_0827,No practice,No practice,False
6736252ad04633e3c76630da,5dd33f6b2091e93579973754,pair_0828,Practice w AI,Practice wo AI,True
6751f332ae95eef3bdc2f3d2,673d1423ff3f7beef3984b8b,pair_0829,Practice w AI,Practice w AI,False
670c4a94154a76c8d4a4bd83,67043b37df9ef06a056c08a7,pair_0830,Practice w AI,Practice w AI,False
673e2ad54a989f15bc638d5b,5e3e54f69e51f80b67c1cc06,pair_0831,Practice w AI,Practice w AI,False
638a66471585cb7583285740,66f4f7ad212140211220fee0,pair_0832,Practice w AI,No practice,True
674b3b45f390921a88f24747,671b808f72d8aafff77cf0a4,pair_0833,Practice w AI,No practice,True
6567644b0a4a14cbeaac5a79,5a9ab4944eecca0001dd806a,pair_0834,Practice w AI,No practice,True
6717ca3a61e52dc226157162,6736252ad04633e3c76630da,pair_0835,No practice,Practice w AI,True
6732ab9b8627904cc6a8a524,5d59b0b61da7d1001aa1a853,pair_0836,No practice,Practice wo AI,True
670d8b142f87173ffe3b4763,673e249d764205ff4fdc5af1,pair_0837,No practice,Practice wo AI,True
6019ef82db64741e01adb686,67570e6b659a69f3542f227c,pair_0838,Practice wo AI,No practice,True
650f0436808ab1edc4264660,67511986975a960bcf3abf18,pair_0839,No practice,No practice,False
67506ddcd40746bb1f460a23,673f22a6fe1eb8b74492446c,pair_0840,No practice,No practice,False
65cd90916d6c5ca9f796e9a3,6711c745bcc0626c2de36d07,pair_0841,Practice wo AI,Practice w AI,True
5eb4c6510ef386339dde2a35,66df3be52e3a37738fecdf1a,pair_0842,No practice,Practice wo AI,True
66f0d61cc482b4b76567015d,67178d9d0cab3c8f3a70ca8e,pair_0843,Practice w AI,Practice wo AI,True
6744e6e3ab71f37420a2b512,673ed00f3ebd9a8bdb2af956,pair_0844,Practice wo AI,No practice,True
6744639f3f41b208789e2b15,5d7085f70a426200186bc676,pair_0845,Practice w AI,No practice,True
5bb7af73dd840f0001d85935,6751f332ae95eef3bdc2f3d2,pair_0846,Practice wo AI,Practice w AI,True
60778db7ed3bae21972be1b4,5c54a532e3c69b0001af7b8c,pair_0847,Practice w AI,Practice w AI,False
67208d3885ff15254cff81a5,6129ba3532102d5c539ff29b,pair_0848,Practice wo AI,No practice,True
674ecab9c4b5d7e72489cc90,6742189e9fd5fe9de0d9b729,pair_0849,No practice,No practice,False
67474b18c19b12c4feeed5d2,662d017cd5d3a0ed42bfe339,pair_0850,Practice w AI,Practice w AI,False
673253900b42a97fc5a371c1,6562c873c8002ad2e44b7b33,pair_0851,Practice wo AI,No practice,True
66957ab0e33f6b17bea3a067,672a3e67066f5a781bb96f51,pair_0852,Practice wo AI,Practice w AI,True
66aa80ac332a6f9fb18e4364,67469dde494c2b78202fc16e,pair_0853,Practice w AI,No practice,True
67542c40610c0a42c85564d3,662d017cd5d3a0ed42bfe339,pair_0854,No practice,Practice w AI,True
672f1ca849e55a65b16736aa,674ecab9c4b5d7e72489cc90,pair_0855,Practice w AI,No practice,True
673ece27f62fd4e495b8731c,673ab124dd6f6df06b143da0,pair_0856,Practice wo AI,Practice w AI,True
6748fee70bf23692cd9f0de1,673b3cdce48f221ee513c467,pair_0857,No practice,Practice wo AI,True
673ce807b23c287507a4230e,65fcdef120c3e7513256ac68,pair_0858,No practice,Practice wo AI,True
620bdc0ba922fc3f247f6939,6727e10a76e80949064e1e6c,pair_0859,Practice wo AI,Practice w AI,True
5dd95e3c2274978e775f2aff,66c6952ac1f2b09e6c930cf8,pair_0860,Practice w AI,No practice,True
6746a1bc28743cbc2c2feaa8,66dd875b792eea0ebd7480c2,pair_0861,Practice w AI,No practice,True
66775344eabb4cc1cbc0120e,6752dfa83d6bd053f4a82672,pair_0862,Practice wo AI,No practice,True
67354657253f396591767b63,6712764f69b9fc3c7a0f0ae7,pair_0863,Practice wo AI,Practice w AI,True
665cd9869a0ffe598b8b84a7,6705ced6e56f5598aa07112d,pair_0864,Practice w AI,Practice w AI,False
673c32d8bcf768ce9f55ac33,6720de8a0a6c9c0c3b803fb7,pair_0865,Practice wo AI,No practice,True
6725b59fd221a054d8cdc72a,60fb024cbfd74cc251c6f9b0,pair_0866,No practice,Practice w AI,True
5d18cf6eb3e698001eea9960,66e6d8a2fa6cce78584c8bcd,pair_0867,Practice wo AI,Practice wo AI,False
6646abc0720d1baaa7e0af4c,674e79192cd6a534d097fa86,pair_0868,Practice w AI,No practice,True
5c22f28d70d93a0001201738,67458a62196f76e7fc7b28bf,pair_0869,Practice w AI,Practice wo AI,True
6726f38cd14d8ba8644f2bcf,5e7e5df723c3560d66f2946d,pair_0870,Practice w AI,Practice w AI,False
5f89c991f0e3a80101afe091,67570e6b659a69f3542f227c,pair_0871,Practice w AI,No practice,True
6744fb5c6a8a3d8e3f531da3,5fb5ef0ab61b9e02d5752768,pair_0872,Practice w AI,Practice w AI,False
67351d5a16ab59e9f1b0946a,675662c8da055bc788c8a805,pair_0873,Practice w AI,No practice,True
670e3c70da3334b19d83bebc,67110816ee3ab678f80eed04,pair_0874,Practice wo AI,No practice,True
6751f03363fdbd0a960f7f87,67477ac7090d737ae33348ea,pair_0875,No practice,Practice wo AI,True
66dfab8a51e1e36892dc419a,66311c9747a9466bf5dcf6ba,pair_0876,Practice wo AI,Practice wo AI,False
6738d0d8a49ff94090a8668a,5f371531d5b7e818ee0cf328,pair_0877,No practice,Practice wo AI,True
5ec738ce3c7fd317a72dcfe6,674eead0fa651dc021895fd9,pair_0878,Practice w AI,Practice wo AI,True
673218a457531caf7e24f2a6,671498899f67df85f33ea053,pair_0879,Practice w AI,Practice wo AI,True
663a8b9eb077de60d6884574,673f22a6fe1eb8b74492446c,pair_0880,Practice wo AI,No practice,True
5bf336d965825d00017cf3c2,673b3cdce48f221ee513c467,pair_0881,No practice,Practice wo AI,True
63f809102d5b3a98cb923306,6755e7f8aa088eda32fcdc43,pair_0882,Practice w AI,Practice wo AI,True
5be728a4dbedc80001377337,673b8d1448db4a031a4a90b2,pair_0883,Practice wo AI,Practice wo AI,False
672f7c36a98c409af1d49bea,673e4e69ce45d284f16fad2d,pair_0884,Practice w AI,Practice w AI,False
6748cb136c8b12cf06e6b8e1,66d8d824887fc4d4c7a873d4,pair_0885,Practice wo AI,Practice w AI,True
674065a38ff18a032bc97fa6,673a2837d5cb152d08ee5be8,pair_0886,No practice,No practice,False
67274a937bc73438d89976b8,5ed68cac121a540dfb82f4ea,pair_0887,No practice,No practice,False
674dfaa7d928f0bfb0084339,6019ef82db64741e01adb686,pair_0888,No practice,Practice wo AI,True
6706d57c71b08b435db201ed,67469dde494c2b78202fc16e,pair_0889,Practice wo AI,No practice,True
5debed6b3820732ef2af3c55,67280753237c0c4258f356a6,pair_0890,No practice,Practice wo AI,True
672e86a538b9e142805a426e,6710578884662430d4c6d4b9,pair_0891,Practice w AI,Practice w AI,False
5d654282986878001c2a5db7,67472b406557adf9044c6e34,pair_0892,Practice wo AI,No practice,True
670fc040eb429afca6ec21e0,6706d57c71b08b435db201ed,pair_0893,No practice,Practice wo AI,True
5e9f138c34d3e40326507588,660b8a64848fe5d8cc2c5444,pair_0894,Practice wo AI,No practice,True
674dd4a8db09aec3c797b225,66f636a15a0ec8d9ef572bae,pair_0895,No practice,No practice,False
670e2a711df0a045aea8de04,66afb95e579fb899b5e90ab3,pair_0896,Practice w AI,Practice wo AI,True
6741fe9a07d7d42c5ed043ad,6736252ad04633e3c76630da,pair_0897,Practice w AI,Practice w AI,False
671b87c9955ba2507a9a9947,5e2b4e61a7f804000a55eee7,pair_0898,No practice,No practice,False
674d8599e34ae51aa4235454,6562c873c8002ad2e44b7b33,pair_0899,Practice w AI,No practice,True
